row_id,COUNTRY_CODE,signal,BENEFIT_OPEN,TRUST_OPEN,decision,reason
351,ALB,MD,,Besimi i shpikjes se tij,valid,
354,ALB,MD,,nuk e di,valid,
469,ARG,OE,"Deberíamos beneficiarnos todos, pero en si, quien invierte en la ciencia y la gente que puede acceder mas facil a ella (socioeconomía, ubicación geográfica)",,valid,
536,ARG,MD,,Profesionalismo,valid,
546,ARG,MD,La verdad no sabría que decirte nc mucho del tema,,valid,
565,ARG,OE,"Depende como se aplique, se beneficia la.poblacion en general, o los laboratorios en particular, los lobbies... es relativo.
La comprobación científica aporta seguridad.
Hay descubrimientos útiles a la salud, otros útiles al bolsillo, otros útiles al poder...",,valid,
771,ARG,MD,Nos venecianos todos !,,valid,
994,AUS,OE,,,invalid,两题都空
996,AUS,OE,,,invalid,两题都空
1003,AUS,OE,,,invalid,两题都空
1006,AUS,OE,,,invalid,两题都空
1007,AUS,OE,,,invalid,两题都空
1010,AUS,OE,,,invalid,两题都空
1011,AUS,MD,Unsure,,valid,
1015,AUS,OE,,,invalid,两题都空
1016,AUS,OE,,,invalid,两题都空
1022,AUS,OE,,,invalid,两题都空
1324,AUS,OE,,,invalid,两题都空
1327,AUS,OE,,,invalid,两题都空
1331,AUS,OE,,,invalid,两题都空
1384,AUS,OE,,,invalid,两题都空
1461,AUS,OE,"We've come a long way since we lamented how helpless ancient people were. The early deaths of countless children are still caused by factors such as poverty and sickness. According to the World Health Organization, in 2019, more than 5 million children under the age of 5 died from causes that may have been avoided or treated. Knowledge is power, and experts may be better able to address issues like poor sanitation and food insecurity if they have access to data pointing to their origins. The findings of scientific studies on childhood cancer and other health hazards may be useful to medical practitioners.",,valid,
1467,AUS,OE,,"To use research as a tool to persuade others to change their views is not a scientific approach. As a consequence, you'll be able to analyse situations with more nuance. You will learn how to analyse massive datasets as part of your scientific training. You improve your ability to evaluate information and determine whether further investigation is required. A person's analytical abilities might be useful in many different industries.",valid,
1531,AUS,MD,Good,,valid,
1532,AUS,MD,,"The facts, statistics, logic",valid,
1669,AUS,OE,"Scientists have the most professional knowledge and put forward many insights are very rigorous, while more is to carry out a long period of research to get.",,valid,
1674,AUS,OE,"Scientists are more about conducting research, and they go through a very long period of time before they can get an accurate answer, which is the most convincing.",,valid,
1675,AUS,OE,,"Scientists have been exploring and studying, and are after a lot of analysis to come to a conclusion, is certainly very valuable and credible.",valid,
1679,AUS,OE,,"More than anything else, the development of the recommended data information gives us more confidence in the scientists' expertise.",valid,
1714,AUS,OE,"Basically humans benefit the most, allowing us to help enhance society through scientific experiments.",,valid,
1776,AUS,OE,The interests of the people are greatest and life is better,,valid,
1779,AUS,OE,,"The most critical thing is the information of data from scientific research, and some results can help people to better improve the quality of life.",valid,
1780,AUS,OE,I think what will benefit the most is the air technology that will enhance the safety of air flight more and help people move forward better.,,valid,
1784,AUS,OE,,"Scientists have researched many results that are used in real life and can allow us to improve the quality of technology, so it is the most trustworthy.",valid,
1799,AUS,OE,,"In my opinion, the reason why scientists are trusted by more people is mainly because the scientific research results of their research are very convincing and can be more applied to practice.",valid,
1847,AUS,MD,,"I am not too sure. I don't have much insight into what being a scientist entails other than what I briefly and superficially see on social media and hear from others. I just hold hope that the strict ethical and research standards are upheld doing research, and only trust source that come from ""gov"" sites or science journals",valid,
1849,AUS,MD,Idk,,valid,
2436,AUS,OE,,,invalid,两题都空
2440,AUS,OE,,,invalid,两题都空
2455,AUS,OE,"Businesses, provide a lot of science and technology so that they can get more profits",,valid,
2473,AUS,OE,,,invalid,两题都空
2474,AUS,OE,,,invalid,两题都空
2475,AUS,OE,,,invalid,两题都空
2479,AUS,OE,,,invalid,两题都空
2538,AUS,MD,I'm not sure why sorry,,valid,
2563,AUS,MD,The people with science jobs,,valid,
2614,AUS,OE,We do not have modern medicine for all new diseases.,,valid,
2671,AUS,OE,"In terms of chemical composition, science had been instrumental in the development of numerous biotech industries and benefitted the most over the time period",,valid,
2710,AUS,OE,I don't. know about this,,valid,
2728,AUS,MD,,With all the statistics and information they provide,valid,
2806,AUS,MD,Because it helps us understand thongs,,valid,
2875,AUS,MD,,How accurate they are at solving problems that arise in science.,valid,
2890,AUS,OE,,,invalid,两题都空
3057,AUS,OE,Then the next few days ago and I will be in the morning and I will be in the morning,,valid,
3063,AUS,OE,,When they have evidence to back up what they are saying or trying to prove,valid,
3115,AUS,OE,,They are very smart as proffesionals in there occupation,valid,
3145,AUS,OE,,,invalid,两题都空
3149,AUS,OE,,The work of a scientist prove them trustworthy,valid,
3151,AUS,OE,,,invalid,两题都空
3185,AUS,OE,Everyone science is one of the most important thing in the world it doesn't just tell us our the earth work bug there is so much health benefits in science,,valid,
3258,AUS,MD,,The only thing that can make a scientist semi trust worthy is another scientist with a different opinion so then you can listen or read their arguments and form your opinion on who to trust. Which is why the Government and media didn't let anyone with a health or science background talk about covid for years,valid,
3463,AUS,OE,University students and government administrators,,valid,
3544,AUS,OE,,,invalid,两题都空
3866,AUS,OE,We lead a correct way of life.,,valid,
3930,AUS,OE,,They are very professional,valid,
3956,AUS,OE,Science has many and far-reaching benefits but different groups may get more out of it in different ways. We need to keep funding scientific research so that we can keep getting all of its benefits.,,valid,
3978,AUS,OE,,"They are so reliable and diligent in their service to us, I have no doubts in their ability to address and resolve any pressing medical or technological issues that may arise.",valid,
3979,AUS,OE,,Scientists are selfless individuals that put in a lot of effort and are always engaged in studies on novel topics that are beneficial to both humanity and the natural world.,valid,
3983,AUS,OE,,,invalid,两题都空
4018,AUS,OE,,,invalid,两题都空
4025,AUS,OE,,,invalid,两题都空
4026,AUS,OE,,,invalid,两题都空
4038,AUS,OE,,,invalid,两题都空
4045,AUS,OE,Technology as it help to make the life to live in a easy way and  helps us organize our daily activities in a proper way.,,valid,
4052,AUS,OE,"To a large extent, the advancements in science have facilitated the pharma industry's efforts to create more effective medications and thereby make people's lives easier.",,valid,
4054,AUS,OE,,Creativity and best technologies  is the thing that makes a scientist trustworthy.,valid,
4056,AUS,OE,It helps us to better know and understand other cultures and societies .,,valid,
4069,AUS,OE,,,invalid,两题都空
4076,AUS,OE,,,invalid,两题都空
4099,AUS,OE,,,invalid,两题都空
4105,AUS,OE,,,invalid,两题都空
4123,AUS,MD,,There ability to test something multiple times,valid,
4129,AUS,OE,Government Staff access to good scientific advice,,valid,
4140,AUS,OE,,,invalid,两题都空
4141,AUS,OE,"In order for a skilled scientist to make sense of such data, they need to analyze them utilizing critical thinking.",,valid,
4143,AUS,OE,"Curiosity, originality, and the ability to think creatively under pressure are the three skills essential to being a successful scientist.",,valid,
4145,AUS,OE,,,invalid,两题都空
4148,AUS,OE,,,invalid,两题都空
4151,AUS,OE,,,invalid,两题都空
4157,AUS,OE,,,invalid,两题都空
4188,AUS,OE,"At one level everyone benefits from science as it helps us understand the world better and to achieve better things (e.g. dealing with smallpox) At another level the people who benefit from science are those who control the IP, and then those who can afford the prices set by them (e.g. the price of drugs such as insulin in USA)",,valid,
4239,AUS,OE,,,invalid,两题都空
4240,AUS,OE,,,invalid,两题都空
4242,AUS,OE,,,invalid,两题都空
4247,AUS,OE,,,invalid,两题都空
4248,AUS,OE,,,invalid,两题都空
4251,AUS,OE,,,invalid,两题都空
4255,AUS,OE,,,invalid,两题都空
4264,AUS,OE,,,invalid,两题都空
4296,AUS,OE,,,invalid,两题都空
4301,AUS,OE,,,invalid,两题都空
4305,AUS,OE,,,invalid,两题都空
4308,AUS,OE,There are more benefits from science because without science there is no life,,valid,
4312,AUS,OE,,,invalid,两题都空
4331,AUS,OE,,,invalid,两题都空
4349,AUS,OE,Nowadays science is becoming more important day by day  for everyone's life with help of science we can think or create new ideas. Science increase our fundamental knowledge.,,valid,
4363,AUS,OE,,"Solving problem like how scientist having a natural ability to identify a problem, analyze it and how come up with effective solutions are valuable traits in most fields and especially valuable for a scientist.",valid,
4370,AUS,OE,I trust them to fix any medical or technological difficulties because they're so reliable and hardworking.,,valid,
4384,AUS,OE,With the help of science we can better understand the culture and societies that are happens around us.,,valid,
4397,AUS,OE,"Scientific understanding empowers us to innovate in the technological realm, find workable solutions to real-world issues, and make well-informed choices as individuals and as a society. Usefulness is the glue that binds science and its applications together, and as our understanding of the natural world expands, so might the range of possible applications that spring from it.",,valid,
4410,AUS,OE,,It provides a lot of scientific research,valid,
4414,AUS,OE,,,invalid,两题都空
4430,AUS,OE,Science helps us to organise our daily life activities and science also helps us to communicate with others more easily.,,valid,
4432,AUS,OE,Everybody is benefitted from science in some way or the other,,valid,
4469,BGD,MD,,Research,valid,
4507,BGD,OE,মানুষ এবং পৃথিবী ্,,valid,
4604,BGD,OE,,Evidence of practical experience makes a scientist to justify things.,valid,
4699,BGD,MD,"বিজ্ঞান থেকে মানুষ সবচেয়ে বেশি উপকৃত হয় বলে আমি মনে করি। কারণ বর্তমানে বিজ্ঞান ও আধুনিক তথ্য প্রযুক্তির দ্বারা মানুষ অনেক কিছু জানতে পারছে এবং সেগুলোকে কাজে লাগিয়ে দেশ ও দেশের মানুষকে বিভিন্ন দিক দিয়ে যেমন অর্থনৈতিক, সামাজিক, সাংগঠনিক ইত্যাদি এগিয়ে নিতে পারছে। এছাড়াও আরও অনেক দিক দিয়ে বিজ্ঞানের ব্যবহার মানুষকে সমৃদ্ধশালীর দিকে এগিয়ে নিয়ে যাচ্ছে। তাই বিজ্ঞানের অবদান মানুষের জন্য অপরিহার্য।",,valid,
4780,BGD,OE,"Humans benefit greatly from science, as almost all things are now science dependent",,valid,
4785,BGD,OE,,Concentration. Confidence. And honest thoughts. Etc,valid,
4815,BGD,OE,"Peoples are getting support from Science. Science making the technology richer. We are taking advantages using technology every day. Science is making everybody's life easier. We can watch various news through TV, Internet etc.",,valid,
5344,BGR,MD,има,,invalid,B:泛词
5437,BGR,MD,,Щастие,valid,
5450,BOL,OE,,"Sus niveles de estudios, que tenga conocimiento sobre el tema y se vea la experiencia.",valid,
5719,BOL,MD,,que sea comprobado y aprobado,valid,
5728,BOL,OE,Los au fabrican loz medicamentos,,valid,
5997,BRA,MD,Os cientistas trazendo muitas informações,,valid,
6154,BRA,OE,,"O histórico do cientista, as pesquisas que já fez, o quão ele está comprometido com a verdade e dados científicos",valid,
6349,BRA,OE,,"A eficiencia e certificação de suas descobertas cientificas,provas incontestáveis do seu traballho junto á comunidade.",valid,
6385,BRA,OE,"O ser humano e sempre mais beneficiado pela ciência, Porém, muitos dos avanços da ciência e tecnologia vai de encontro ao bem estar do homem e do planeta, gerando danos a saúde e ao ecossistema do planeta.",,valid,
6548,BRA,OE,Acho que o maior beneficiário com o estudo da ciência é a humanidade de modo geral. Porque a busca pela evolução certamente necessita de uma boa base cientifíca.,,valid,
6647,BRA,OE,,"O conhecimento que ele tem e como desenvolve na area de estudo,a que se dedicou,comprometimento com a ciência.",valid,
6674,BRA,MD,"Em primeiro lugar a população que se beneficia,com as benefícios da ciência. Em seguida a mídia que pode promover o bem ao mesmo tempo aterrorizar a população, ganhando com Ibope. E terceiros as empresas de limpeza e saúde com vendas de produtos.",,valid,
7209,BRA,OE,"pra mim quem se beneficia mais somos nós, pelo fato da ciencia sempre estar evoluindo e isso favorece mais nos seres humanos que usurfruimos de tecnologias e medicina avançada",,valid,
7210,BRA,MD,Eu creio qe são os elaboradores e aqueles qe tbm usa a ciência,,valid,
7244,BRA,OE,"Os cientista
Porque eles que são os caras que ganham o Oscar né",,valid,
7302,BRA,MD,Os homens pq trabalha muito,,valid,
7304,BRA,MD,Alunos de escolas,,valid,
7311,BRA,MD,,Os seus projetos,valid,
7425,BWA,MD,,Consistentent researches on relevant topics in relevant communities,valid,
7502,BWA,MD,Science helps us to understand how the world is made... Which is very important in our life,,valid,
7591,BWA,MD,I think we all benefit from science since we learn something related to science very single day,,valid,
7841,CAN,MD,i believe we all beniifit but most of all our future generations will benefit even more and so on,,valid,
8258,CAN,MD,Idk. I don’t know anything about it.,,valid,
8433,CAN,OE,,"A scientist is considered trustworthy if they demonstrate the following qualities:
1. Objectivity: A scientist must approach their research without personal bias and use systematic methods to ensure accurate results.
2. Expertise: A scientist must have the necessary education, training, and experience in their field of study.
3. Reproducibility: A scientist's work should be able to be replicated and verified by other scientists.
4. Transparency: A scientist must be open and honest about their methods, results, and potential sources of error.
5. Peer review: A scientist's work must undergo a rigorous review by other experts in their field to ensure accuracy and credibility.
Overall, a trustworthy scientist is one who follows established ethical and scientific standards in their research and reporting of results.",valid,
8790,CAN,OE,,Good to know I am going through a lot,valid,
8903,CAN,OE,"Mankind, we benefit through new technology and realize the harmful ways of the past.",,valid,
9173,CAN,OE,"I think everyone does cause science is in our every day lives and we never notice,",,valid,
9211,CAN,OE,Not sure,,valid,
9249,CAN,OE,,science research,valid,
9361,CAN,OE,Exciting,,valid,
9589,CAN,OE,"Science is an important topic for knowledge, interest in the world around us and keeping in touch with happenings around the world",,valid,
9648,CAN,MD,the human race. Why so we better understand things the more we know the better.,,valid,
9665,CAN,MD,,"A scientist is trustworthy when they demonstrate a high level of integrity, objectivity, and accountability in their work. This means that they conduct their research with honesty and transparency, follow established protocols and methodologies, and report their findings accurately and without bias. A trustworthy scientist also acknowledges and addresses any limitations or uncertainties in their work, and is willing to revise their conclusions based on new evidence. Additionally, a scientist who collaborates with others and shares their data openly and freely is more likely to be perceived as trustworthy by their peers and the public. Ultimately, a scientist's reputation for trustworthiness depends on their commitment to the pursuit of knowledge with honesty, rigor, and a dedication to advancing the greater good.",valid,
9751,CAN,MD,,History of correct theories and good projects,valid,
9755,CAN,MD,I think the normal working class and scientists benefit the most from science because it’s a new discovery and can broaden our outlook on the world.,,valid,
9938,CAN,MD,Health stem cells,,valid,
9958,CAN,OE,Le domaine de la science est très vaste. Celui-ci profite à tous,,valid,
10006,CAN,MD,,À quel point connaît-il vraiment la science?,valid,
10014,CAN,MD,,The research he is doing is important and easy to validate,valid,
10162,CAN,OE,,"if he's not pay by Big Pharma,",valid,
10166,CAN,MD,Tout le monde,,valid,
10175,CAN,MD,Society because science makes us understand our health and psychology which benefits our quality of life,,valid,
10216,CAN,MD,Everyone,,valid,
10248,CAN,OE,I think politicians benefit the most from science because they know the inside secrets that the general public doesn’t know,,valid,
10558,CHE,MD,,Wenn sie gross im sinne von Bekanntheit sind.,valid,
10566,CHE,MD,,Genaue Arbeitsweise die nicht unter Druck ein bestimmtes Resultat erreichen zu sollen gemacht wird,valid,
10922,CHE,OE,L'humanité,,valid,
11010,CHE,MD,"7J'aime la science, très utile à l'avenir",,valid,
11167,CHE,MD,tourne autour de notre vie quotidienne,,valid,
11229,CHE,OE,,"La volontà con cui fa il suo lavoro, l'impegno di cercare e studiare nuovi metodi per aiutare il mondo a vivere meglio",valid,
11322,CHE,MD,,Corona war für mich eine entsetzliche Wahrheit,valid,
11445,CHL,OE,"Dependiendo de area, en temas de salud los mas beneficiados por el momento son las farmaceuticas. En el pais todo lo relacionado con otras areas es de alto costo monetario no llegando a todas las personas.",,valid,
11765,CHL,OE,,Que tenga evidencia que respalde sus ideas u opiniones,valid,
11840,CHL,OE,,Creo que la cantidad de información comprobable queda y la veracidad de lo que dice y su trayectoria también es importante y lo que este estudiando o el proyecto que tenga,valid,
11922,CHL,OE,"Creo que los que más se benefician de la ciencia somos nosotros mismos ya que cada avance es un gran paso en todo sentido, específicamente clínico ya que gracias a la ciencia se han encontrado muchas curas de diversas enfermedades por cual como seres humanos,le debemos mucho a la ciencia",,valid,
11928,CHL,MD,si hablamos médica yo creo que los que más se benefician son la gente con algún tipo de discapacidad sin embargo si nos vamos a otro tipo de ciencia entonces creo que la población en general esto es debido aquí la ciencia es lo que mueve a la humanidad por lo tanto es la que da sus avances a esta,,valid,
12136,CHL,MD,,Mi opinión es que todo mejore,valid,
12230,CHL,MD,Los laboratorios ya que ellos a encontrar la cura de alguna emfermedad empiezan a lucrar con el remedio que fabricaron y le sacan mucho a ese proyecto,,valid,
12349,CHL,OE,,Su experiencia dentro del área en qué se especializa,valid,
12467,CHN,OE,,"优秀的科学家一般都有很强的自信心,相信自己的判断。",valid,
12468,CHN,OE,,事实,valid,
12493,CHN,OE,普罗大众，因为生活得到极大的改变,,valid,
12495,CHN,OE,不知道,,valid,
12566,CHN,MD,,研究成果影响人类的未来,valid,
12643,CHN,OE,,科学家,valid,
12759,CHN,OE,,实事求是，尊重规律，有道德底线,valid,
12830,CHN,MD,,亲民，不为权势和极端科学，为了人民而进行研究，而不是为了科学而研究,valid,
12833,CHN,OE,,他在整个科学行业沉沦很多年，且在这个过程中发表了数量三到四个的科学理论。说出的观点真实 有力不会因为政治现实等因素而影响结果或者言论。,valid,
12942,CHN,OE,,对人民的责任,valid,
12997,COL,MD,"Las personas de escasos recursos, ya que pueden ser impactados para cambiar sus vidas",,valid,
13232,COL,MD,Toda la humanidad gracias a los avances,,valid,
13265,COL,OE,,"las investigaciones que ha realizado, con las respectivas evidencias",valid,
13639,CRI,OE,,Para qe un científico sea confiable debe de ser original en sus cosas siempre andar adelante de las cosas pensar siempre en tecnología buena así sería co fiable,valid,
13853,CRI,OE,,Que pueda hacer valer su hipotesis o teoria en base al metodo cientifico,valid,
13854,CRI,OE,,"Es muy importante los resultados de cualquier científico, que de credibilidad de la función del mismo",valid,
13906,CRI,OE,"dependiendo del punto de vista, puede ser que la ciencia sea mas beneficiosas para las personas que los producen, por eso adquieren los untiles para seguir realizando sus investigaciones, pero a la ves, las personas finales de algunos estudios científicos, por ejemplo, a la hora de las vacunas del covid, muchas personas se beneficiaron por los resultados que se dieron por una investigación científica, pero a la hora de vender esos productos, los beneficiados son los productores.",,valid,
13915,CRI,OE,Creo que que la ciencia es importante para el desarrollo de la sociedad,,valid,
14315,CZE,MD,,Розум,valid,
14429,CZE,MD,,Zkoumají nové věci,valid,
14834,DNK,OE,,"At forskningen forholder sig værdifri og det at det tydeligt fremgår, på hvilken basis forskningen er blevet foretaget/hvem der har betalt for forskningen",valid,
14911,DNK,OE,,Results,valid,
14950,DNK,MD,,Peer opbaket publikationer,valid,
14957,DNK,OE,Ved ikke,,valid,
15031,DNK,MD,,Ved ikke så.meget om det,valid,
15091,DNK,OE,,Kildekritik,valid,
15435,DNK,OE,"Det at, der er mennesker, der har interesse i vores planet, helbred, energi, transport og meget andet. Er for mig, nogen vi ikke kan forsætte vores liv uden. For uden dem vil der være kaos. Derfor mener jeg at forskning og forskere, er vigtige for vores forsatte liv på denne jord.",,valid,
15596,DNK,MD,,Alt,valid,
15667,DNK,MD,,,invalid,两题都空
15684,DNK,MD,,Ved ikke,valid,
15849,EGY,OE,الانسان ،يساعده ع نمو عقله,,valid,
15883,EGY,OE,,التطور والتنمية,valid,
15887,EGY,OE,,العلوم لها أهميه كبيره للغايه فانها تساعد في شتى مجالات الحياه اليوميه والحياتيه,valid,
15917,EGY,OE,,الاشخاص لتفهم ما يدور حولهم,valid,
15974,EGY,OE,ممياز,,valid,
16020,EGY,MD,,علوم هي ماد جيدا جدان لأجل الانسان,valid,
16029,EGY,OE,ممياز,,valid,
16116,EGY,MD,كل حاجه تمام,,valid,
16165,EGY,MD,المستفيد من العلوم هي الدول المصنع المتقدمه لانهم يبتكرو صناعات جديده يمكنها تطوير البلد,,valid,
16186,EGY,OE,ممياز,,valid,
16187,EGY,OE,,ممياز,valid,
16214,EGY,OE,الدوله العلوم تعمل علي بناء دوله حديث,,valid,
16329,ETH,MD,"It will make our life easy.
Because creates new aplication",,valid,
16461,ETH,MD,በኛ አካባቢ ሣይንስ ብዙም ትኩረት አይሰጠዉም  ምክንያቱም ከእምነት ጋር ይቃረናል ተብሎ ይታሰባል,,valid,
16962,ITA,OE,,La sua vera competenza e preparazione.,valid,
17056,BEL,MD,,"Streven naar objectiviteit, onafhankelijkheid, bewust zijn van vooroordelen, het resultaat staat niet vast, bereikbaar voor kritiek en uitleg, rechtzetten als nodig is.",valid,
17092,BEL,MD,,The ability to provide substantial information about obscure facts surrounding man and everything in his environment,valid,
17130,ITA,OE,tutta la comunita',,valid,
17517,ITA,OE,,Il fatto che abbia studiato una materia scientifica e che continui a studiare per scoprire sempre cose nuove,valid,
17602,BEL,MD,,Accuraatheid,valid,
17642,BEL,OE,,,invalid,两题都空
17694,ITA,MD,Molto,,valid,
18037,ITA,OE,Penso che l'intera umanità tragga benefici da maggiori conoscenze in tutti gli ambiti scientifici,,valid,
18044,BEL,OE,"Der Wissenschaftler profitiert am meisten.

 Sie haben die Idee entwickelt und arbeiten selbst an der Idee, auch wenn die Leute sie nicht als Weg akzeptieren",,valid,
18222,ITA,OE,,"l'onestà nella ricerca, l'autonomia di pensiero, la libertà dai poteri politici",valid,
18228,DEU,OE,,"das Wissenschat ein gemeinschaftlicher, fortschreitender<prozess ist, in dem sich Fachleute korrigieren oder verbessern können",valid,
18358,BEL,OE,,Grâce à ses connaissances et ses recherches,valid,
18400,DEU,OE,,Wenn sie eine Gemeinwohlorientierung besitzen  und teamfähig  sind und offen und ehrlich darüber kommunizieren.,valid,
18500,DEU,MD,,Genaue Recherche Glaubwürdigkeit durch beweise  Tests die handfest sind,valid,
18549,BEL,MD,I don't really have an answer to that,,valid,
18997,ITA,OE,--,,invalid,B:重复单字符
19161,ITA,MD,"Da una parte noi tutti ( sanità,  allungamento e miglioramento qualità vita, e miglioramento vita quotidiana parlando di scienza come tecnologia)",,valid,
19185,ITA,MD,"L'ignorante, perchė per mezzo di esso ne aumenta le comodità.",,valid,
19251,ITA,OE,Tutti noi,,valid,
19338,DEU,MD,,unabhängig von der regierung zu arbeiten,valid,
19363,BEL,OE,,Ses diplômes ses compétences par le passé,valid,
19415,ITA,MD,tutti perché è innovazione,,valid,
19566,DEU,OE,"regierung, sie zahlt",,valid,
19568,ITA,OE,"Il popolo, perché tutti gli avanzamenti vanno diretti a migliorare la vita di tutti, sia salute che trasporto, alimentazione e altri.",,valid,
19687,BEL,OE,,Grondig onderzoek gebaseerd op statistieken,valid,
19709,DEU,OE,,"Sie haben es studiert, sind also durch das Studium und weil sie sich täglich mit diesem Themen befassen umfassend Kompetent.",valid,
19769,DEU,OE,Forschung für Profitmaximierung,,valid,
19828,DEU,OE,Die Lobiisten. Die finanzieren das,,valid,
20004,DEU,MD,"Die Menschheit, wenn die Wissenschaft richtig aufklärt",,valid,
20047,ITA,OE,,"la ricerca assidua, la dimostrabilità di quanto scoperto, le motivazioni",valid,
20059,DEU,OE,,wenn sie bei der wahrheit bleiben,valid,
20179,ITA,OE,La scienza e gli scienziati sono al servizio dell’umanità e quindi tutti noi possiamo trarne beneficio. Tranne in casi in cui la scienza sia usata contro la morale e per il male.,,valid,
20391,DEU,OE,,"Fundierte Thesen aufstellen, auf Basis von Experimenten.",valid,
20415,DEU,OE,"Alle Menschen in der Gesellschaft profitieren von Wissen, und mit Wissen wachsen Nationen auf",,valid,
20421,DEU,OE,,"Forschung sollte darauf ausgerichtet sein, den Menschen zu dienen",valid,
20967,BEL,MD,,Ses résultats,valid,
20989,DEU,OE,weiss nicht,,valid,
21151,ESP,MD,,Según los temas que traten.,valid,
21285,ESP,OE,"Los que más se benefician de los avances de la ciencia, en mi opinión, son los ciudadanos ya que permite erradicar algunas enfermedades existentes y prevenir los efectos de las que van aparaciendo a lo largo del tiempo.",,valid,
21713,ESP,OE,,"Que sepa explicar sus resultados de una manera sencilla que abarque un gran número de la población para que vean que sus cálculos son correctos y su teoría acerteda, o posible.",valid,
21839,ESP,MD,"Los que más pasta tienen, hijos de puta, siempre son los mismos.
Amén",,valid,
21936,DEU,OE,,Qualitativ,valid,
21991,BEL,MD,"L’état, c’est simple on est au courant de rien mdrrr",,valid,
21999,DEU,OE,Neues Wissen generieren,,valid,
22057,FIN,MD,,Tieteellinen näyttö on uskottavaa.,valid,
22466,NLD,OE,,Feiten,valid,
22627,DEU,OE,"Die gesamte Menschheit profitiert von der Wissenschaft, weil sie uns hilft Erkenntnisse zu gewinnen ob positiver oder negativer Art.",,valid,
22652,ESP,MD,"una cosa es el dinero que los suentificos se binefician muy poco ,creo,y lo de los descubrimientos se beneficia la humanidad entera",,valid,
22658,DEU,OE,"Die zukünftige Menschheit und die Unternehmen, die damit beschäftigt waren",,valid,
22661,DEU,MD,Am meisten der Entwickler selbst und das land,,valid,
22679,DEU,OE,die ganze Welt,,valid,
22793,ESP,MD,,De evidencias de lo qued dice y que se note que lo ha estudiado en profundidad demostrando que sabe del tema,valid,
23165,IRL,OE,,"Credentials, reputation",valid,
23514,ESP,OE,,"Su trabajo ha de ser en bien de la humanidad, y para mejorar el conocimiento y las condiciones de vida de las personas",valid,
23530,IRL,MD,Idk,,valid,
23552,ESP,MD,,"Su honestidad y no alinearse con las políticas gubernamentales, especialmente en España que es una dictadura con aspecto de democracia.",valid,
23705,NLD,MD,"Ik lees altijd innovatieve Ezines zoals New Atlas omdat ik het gewoon heel interessant vind om over de nieuwste ontwikkelingen geïnformeerd te worden... Meestal praat ik daar ook over met mijn kinderen, zij vinden het ook heel erg interessant om te praten over bepaalde onderwerpen (quantum-computers, medische of technologische doorbraken etc).",,valid,
23767,FIN,MD,,Julkaisuja,valid,
23854,FIN,OE,,,invalid,两题都空
24222,IRL,MD,,Facts and shown facts,valid,
24303,IRL,OE,,Proper information,valid,
24323,CYP,OE,,Οι έρευνες που κανει,valid,
24487,CYP,OE,Σχεδόν όλοι η επιστήμη είναι η αιτία της αύξησης του προσδόκιμου ζωής και γενικά της βελτιωσης των συνθηκών ζωης,,valid,
24516,CYP,MD,Όλοι μας,,valid,
24693,FIN,MD,,Kaikki on kivaa,valid,
24891,DEU,OE,,Wenn sich eine Objektivität bewahren kann.,valid,
25001,FIN,OE,Kaikki,,valid,
25050,DEU,MD,,Die informieren sich,valid,
25067,DEU,OE,"Pharmaindustrie, Entwicklung von Energien, Konzerne wie VW,",,valid,
25080,DEU,MD,Der Staat profitiert am Meisten von Wissenschaft weil viele Menschen keine Ahnung von Wissenschaft haben.,,valid,
25280,DEU,MD,,"Wenn es kompetent, verständlich und erklärbar ist",valid,
25314,FIN,MD,"Valtion hallitus ja erilaiset yritykset, koska niillä on päätösvaltaa tehdä muutoksia mitä keinoja käyttää esim. kestävän kehityksen ylläpitämisessä.",,valid,
25375,DEU,MD,,Wenn er mit seinem Volk und Mitmenschen ehrlich ist.,valid,
25428,DEU,MD,,"Gute Vorträge und Vorbereitungen, Resultate",valid,
25458,SVN,MD,,Ker so pametni,valid,
25478,DEU,MD,"Zum einen ist es wichtig dass jeder bürger über den neusten Stand bescheid weiß. Zudem sind natürlich Verbrauch die die von Wissenschaft profitieren, da es Technologie bringt und der Welt einen Fortschritt bringen sollte",,valid,
25588,DEU,OE,,"ehrliche berichterstattungen, logische und nachvollziehbare erklärungen",valid,
25769,FIN,MD,en osaa kertoa,,valid,
25798,DEU,MD,,Keine Ahnung,valid,
25828,DEU,OE,,,invalid,两题都空
26076,GRC,OE,,Οι σπουδές του και το να είναι αντικειμενικός να μην πληρώνετε για να λέει πράγματα που δεν πιστεύει.,valid,
26244,DEU,OE,,Gewissen und ehrlich,valid,
26283,GRC,OE,Οι μεγαλες επιχειρησεις και οι πολυεθνικες,,valid,
26410,SVN,OE,"Vlada, ker ima ponavadi prva dostop do odkritij",,valid,
26452,CYP,OE,,Το γνωστικό του επίπεδο και το ήθος που εκπέμπει μέσα από τις δημοσιεύσεις και τα συγγράμματα του.,valid,
26564,SVN,OE,Crnaci,,valid,
26673,GRC,MD,Όλη μας,,valid,
26694,GRC,OE,"Κυρίως οι εταιρείες και κατά βάση εταιρείες που παράγουν επιστήμη,",,valid,
26695,DEU,OE,Die Menschheit verbessert und vereinfacht das Leben,,valid,
26768,GRC,OE,Ο κόσμος επειδη μας πληροφορεί για σημαντικά πράγματα που πρεπει να γνωρίζουμε,,valid,
26945,IRL,OE,,Proff of what they say,valid,
26970,SVN,MD,Nic od nasterega,,valid,
27098,DEU,OE,Weiß nicht,,valid,
27102,DEU,OE,,kann ich nicht beurteilen,valid,
27475,GRC,OE,Δε ξέρω,,valid,
27551,IRL,MD,Scientists because they can find new science things,,valid,
27567,SVN,OE,"Od znanosti kot procesa imamo največ koristi ljudje, saj nam olajša življenje.",,valid,
27644,DEU,MD,Das Land und das Volk,,valid,
27718,DEU,OE,Ja,,valid,
27773,DEU,MD,"politik, weil sie es ausnutzen kann um innovativ zu verhindern um mehr geld zu verdienen",,valid,
27835,DEU,OE,Der Kassierer ist es in Ordnung und ich habe die E-Mail von Frau Fütterer und dann ist das okay und die sagten das,,valid,
27884,DEU,MD,dsfbsdh dsgrewt fdhdsrztw eqwet er hngdh,,valid,
28107,DEU,OE,,sehr gut,valid,
28502,DEU,OE,youtube wenn dass ein Zuverlaessige Programm ist,,valid,
28633,DEU,OE,Die Wissenschaftler und und das Umfeld,,valid,
28695,DEU,OE,"Die Menschen, vielleicht denken die dann mal richtig nach und laufen nicht irgendwelchen Politikern oder influencer nach",,valid,
28829,DEU,OE,Die Menschen. Vorausgesetzt die Wissenschaft wird mit ihnen geteilt. Dann profitieren alle von neuen Erkenntnissen,,valid,
28879,DEU,OE,"die Wirtschaft einhergehend die wissenschaftlichen Institute selbst und die Öffentlichkeit,-",,valid,
28935,SVN,OE,,Niso vredni zaupanja ker se prodajo.,valid,
28951,DEU,OE,Die Wissenschaftler,,valid,
29126,FIN,OE,,"Toistokokeet, vertaisarviointi",valid,
29151,DEU,OE,ich weiss nicht so genau,,valid,
29233,DEU,OE,Ärzte und die Gesundheitsindustrie. Krankheitsbekämpfung und Pharmazie,,valid,
29259,DEU,MD,die Menschheit,,valid,
29285,DEU,MD,"Ich denke, jeder profitiert von der Wissenschaft",,valid,
29408,NLD,OE,,is gecontroleerd,valid,
29428,NLD,MD,De wetenschap,,valid,
29442,DEU,OE,"Jeder, Menschen die ihre Fragen gerne beantwortet hätten, neue Erkenntnisse",,valid,
29486,DEU,OE,Die  bürger,,valid,
29570,DEU,OE,,Eine gute Reputation.,valid,
29739,NLD,MD,Niemand,,valid,
29922,DEU,OE,,"Wenn seine Aussagen durch Fakten untermauert werden können. Wenn er nicht ständig seine Meinung ändert, ohne dass Fakten das untermauern. Wenn der Wissenschaftler sich nicht zu sehr einer politischen Gruppe zuordnet",valid,
30057,DEU,OE,"Die Menschen und allgemein die Nachkommen, weil die Entwicklung immer weiter ist. Die Medizin und die Forschungen sind halt schon sehr fortgeschritten.",,valid,
30073,DEU,OE,,das er sich an die vorgegebenen Prozesse handelt und fundiert arbeitet.,valid,
30104,DEU,OE,"Wissenschaftler,Politiker",,valid,
30140,DEU,MD,ich habe keine Meínung dzau,,valid,
30262,DEU,OE,"Allgemein und oberflächlich gesagt profitiert am Ende der Mensch von Wissenschaft, wenn man zum Beispiel durch Forschungen an neue Erkenntnisse gelangt, die das Leben erleichtern würden. Dann gibt es wiederum Bereiche, die stärker als andere profitieren. Zum Beispiel der Wirtschaftssektor, um möglichst innovativ zu bleiben",,valid,
30319,NLD,OE,Dat mensen gaan nadenken en in beweging blijven rondom wetenschap.,,valid,
30388,DEU,OE,,"Argumente und Begründungen, fundierte Ausbildung",valid,
30409,DEU,MD,"Im Prinzip profitiert die ganze Bevölkerung früher oder später. Zunächst reiche, danach das Durchschnittsvolk und zu letzt Arme.",,valid,
30435,NLD,OE,"De overheid, daar wordt bepaald wat kan of niet",,valid,
30465,DEU,MD,,,invalid,两题都空
30580,DEU,OE,,Das er immer nach der Wahrheit sucht und das beste für die Gesellschaft will,valid,
30680,DEU,OE,"Die Menschheit im allgemeinen! Die Industrie, der Handel, alle Lebensbereiche, die Tiere die Infrastruktur.. alkes und alkes profitiert davon",,valid,
30684,DEU,OE,Die arbeitnehmer und in der folge alle menschen und nicht nur einige wenige,,valid,
30888,DEU,OE,,,invalid,两题都空
31131,DEU,MD,Die Leser die diese Wissenschaftlichen Erkenntnisse weiterspinnen,,valid,
32142,DEU,MD,,,invalid,两题都空
32205,DEU,OE,Alle Menschen. Grundlagenforschung führt zu neuen Produkten für alle.,,valid,
32218,GRC,OE,,να μην κρύβει καινούργιες εξελίξεις από το κοινό,valid,
32379,DEU,MD,k.A.,,valid,
32465,DEU,MD,Die industrie,,valid,
32542,DEU,OE,,"Signifikante Fakten, die mehrfach bewiesen und geprüft sind von Dritter Stelle",valid,
32555,DEU,OE,die pharmazeutische Industrie,,valid,
32597,DEU,OE,,neutral zu sein,valid,
32602,DEU,OE,,...,invalid,T:重复单字符
32657,DEU,OE,,Wenn es belegbar ist und mich das Thema interreligiösen dann fange ich an weitere Fagen zu stellen.,valid,
32697,DEU,MD,,Keine Ahnung,valid,
32784,DEU,OE,,Seine Aussage,valid,
32810,DEU,OE,,wenn er unabhängig von medien und politik ist,valid,
33030,GRC,MD,Οι νέοι,,valid,
33051,GRC,OE,,οι γνώσεις και τα ερευνητικά προγράμματα που έχει συμμετάσχει,valid,
33069,GRC,MD,Όλοι μας,,valid,
33457,GRC,OE,,"Η βαθιά γνώση του αντικειμένου που έχει σπουδάσει, η συνεχής αναζήτηση, η ειλικρίνεια, να μην εξυπηρετεί συμφέροντα άλλων.",valid,
33708,GRC,OE,οι βιομηχανίες φαρμάκων προφανώς για το κέρδος,,valid,
33809,DEU,OE,,Nachvollziehbare Ergebnisse,valid,
33857,NLD,MD,,vertel ons echte informatie,valid,
33867,NLD,OE,nvt,,invalid,B:无元音乱敲
33932,DEU,OE,"Militär Industrie
Automobil Industrie
Andere Wissenschaftler, weil sie weiter forschen können.
Pharmaindustrie
Zum Schluss der Endverbraucher",,valid,
33960,DEU,OE,"Es profitieren alle von der Wissenschaft, denn mit vielen Wissenschaftlichen Entdeckungen wird jedem etwas erleichtert",,valid,
33995,GRC,MD,δεν γνωρίζω μάλλον ο τσικαβινκοβ,,valid,
34178,DEU,MD,,Ja,valid,
34273,DEU,MD,,Seine Quellen und Beweise,valid,
34316,NLD,OE,Iedereen. Wetenschap zorgt voor vernieuwing en verdieping. Zorgt voor inzicht in ons bestaan.,,valid,
34322,DEU,MD,Es ist si,,valid,
34357,DEU,OE,,sehr gut,valid,
34502,AUT,OE,,Dass er sich langfristig mit einer Sache beschäftigt und auch andere Meinungen berücksichtigt. Weiters sich mit nachhaltigen Dingen zu beschäftigen.,valid,
34549,DEU,MD,"Am meisten profitieren Firmen, die dadurch enorme Gewinne erzielen.",,valid,
34599,DEU,OE,,"Wenn er/sie sich umfassend mit der Thematik auskennt, mehrere Sichtweisen in Betracht zieht und sich nicht von Populismus und Querdenkern beeinflussen lässt.",valid,
34658,DEU,OE,,Thesen Aufstellung und Überprüfung,valid,
34665,DEU,MD,Die reichen,,valid,
34715,DEU,OE,"Wir Menschen profitieren allgemein von der Wissenschaft, da sie uns in vielerlei Hinsicht weiterbringt und uns offene Fragen beantwortet die uns als Menschheit weiterbringen.",,valid,
34758,AUT,OE,"Wissensprofit vor allem für Studierende aber finanzielles Profit oft Konzerne, kleine Gruppen. Wissenschaft wird leider oft missbraucht für Macht und Geld, sodass das eigentliche Interesse verloren geht",,valid,
34908,FRA,OE,,Lorsque le résultat s'avère vrai,valid,
34925,FRA,OE,Tout le monde,,valid,
34932,FRA,MD,Je ne sais pas du tout,,valid,
35037,FRA,OE,Les étudiants peuvent acquérir plus de connaissances,,valid,
35319,NLD,MD,De geneeskunde omdat deze steeds meer te weten.komen wat betreft ziektes en oorzaken de patiënten gaan nu naar het buitenland omdat ze bepaalde onderzoeken hier in Nederland niet kunnen,,valid,
35493,FRA,OE,,Rien car j'ai bien vu depuis 2020 que ce sont que des cassos,valid,
35521,FRA,MD,Et qui,,valid,
35537,FRA,OE,,Ses compétences,valid,
35698,FRA,MD,,Très bien,valid,
35701,AUT,OE,"Gesellschaft, da Wissenschaft das Potenzial von Innovationen hat",,valid,
35728,FRA,OE,"Selon moi, la science bénéficie dans un premier temps aux personnes qui ont les moyens, les solutions scientifiques sont d'abord coûteuses. Puis elles se démocratisent ensuite et la majorité peut en bénéficier.",,valid,
35807,AUT,MD,Alle,,valid,
35809,AUT,MD,ne,,invalid,B:泛词
36014,FRA,OE,D'après moi ce sont les gens qui ont les moyens d'y avoir accès et donc de l'utiliser ou non comme eux le souhaitent et l'entendent,,valid,
36072,AUT,MD,,Nix,valid,
36221,AUT,OE,"Die gesamte Mensch profitiert von der Wissenschaft. Man kann nie genug Wissen anhäufen und je mehr wir wissen desto besser kann man Dinge verstehen, beurteilen, einordnen, fördern, bekämpfen usw.",,valid,
36251,AUT,OE,,Wissenschaft ist die Zukunft,valid,
36277,AUT,OE,Konzerne,,valid,
36746,FRA,MD,Vjkkk,,invalid,B:短无元音
36820,FRA,MD,JE NE SAIS PAS,,valid,
37074,FRA,MD,Les pays riches et les gens qui les gouvernement.  Les scientifiques et leurs employés  Les étudiants en sciences  Les chercheurs  Les écologistes  Les protecteurs des animaux et de la nature  Les astraunautes  Les chimistes Les prix Nobel  Et j'aime à croire notre jeunesse  Les politiques  Les industriels  Le gouvernement  Et puis aussi le peuple a son niveau  Les créateurs de produits phytosanitaire  Les laboratoires pharmaceutique  Le recyclage des produits sanitaires  Le recyclage des batteries électriques des véhicules futures Le recyclage propre de l uranium Supprimer les centrales nucléaire si pas de nouvelles façon de recycler l uranium que l enfouissement  Arrêter de changer de portable aussi souvent  Protégé les ressources terrestre tels que les métaux rare  Protégé les animaux en voie de disparition  Créer des batteries pour voitures électriques durable (la vie de la voiture),,valid,
37352,FRA,OE,,"sa formation, son cursus professionnel",valid,
37378,FRA,OE,,Je ne sais pas,valid,
37405,FRA,MD,Les aduktes,,valid,
37528,AUT,MD,Die Politik,,valid,
37569,AUT,MD,Alle,,valid,
37598,SVK,OE,"Veda najviac prospieva ľuďom, vďaka vede je svet rýchlejším, kompaktnejším , bezpečnejším",,valid,
37705,SVK,OE,,Ak má vedec preukazatelný dôkaz alebo výsledky.,valid,
37786,SVK,MD,Ludom,,valid,
37877,SVK,MD,Všetkým,,valid,
38054,SVK,OE,,Zucastnenie sa na výskumoch,valid,
38177,NLD,MD,Jongens en mijsies,,valid,
38213,NLD,OE,,Dat het onderbouwd is net feiten,valid,
38234,NLD,MD,,"Zijn rechten, leeftijd, kracht, complete plaatje van zijn loopbaan",valid,
38254,GRC,OE,Όλος ο κόσμος,,valid,
38331,NLD,MD,,Als hij toe geeft niet alles te weten,valid,
38385,NLD,OE,De medische wereld,,valid,
38486,GRC,OE,,"Αξιόπιστος επιστήμονας είναι αυτός που θα εφαρμοσει την επιστήμη του για καλό σκοπό
Και όχι για την εξολόθρευση του πληθυσμού",valid,
38531,GRC,MD,Το κράτος,,valid,
38785,PRT,MD,A sociedade com o avanço tecnológico e correcção de erros de comportamentos anti-ambiente,"Na teoria, currículo",valid,
38897,PRT,OE,"Acho que todos. Sem ciência não há conhecimento, não há desenvolvimento, não há respostas.",Provas concretas,valid,
38963,PRT,MD,Todos,Boas ciências,valid,
38989,PRT,MD,Cientistas,Experiência,valid,
39082,GBR,MD,I don't have benefits,,valid,
39109,GBR,OE,,Reliable and knowledgeable,valid,
39172,GBR,MD,Guv,,valid,
39236,GBR,OE,Mankind in general,,valid,
39240,GBR,MD,"Science is the future and what makes us, us. Also through science that how we have survived in covid medicine, cures for cancer and other deadly diseases. Also because of science I can complete this survey and we have put a man on the moon so what is next for science?",,valid,
39244,GBR,OE,,Factual scientific proof and findings.,valid,
39308,GBR,OE,,Because it's always about the reality.,valid,
39429,GBR,MD,Everyone because scientific research and studies help the world advance,,valid,
39434,GBR,MD,No,,valid,
39451,GBR,MD,,Dbdbdb dbdbdb,valid,
39553,GBR,MD,,Logic,valid,
39620,GBR,OE,"Society in general. I believe the rigorous pursuit of truth is a good thing. Of course, scientists have their biases and their paymasters, but empirical evidence is more trustworthy.",,valid,
39695,GBR,OE,0,,invalid,B:单字符
39814,GBR,OE,,It is the trust of all that makes scientists trustworthy.,valid,
39818,GBR,OE,I think humans who suffer from medical issues benefit from science the most as it is used to help treat them,,valid,
40010,GBR,MD,,Nothing actually,valid,
40397,GBR,OE,"I think children and future generations benefit the most from science and scientific advances, although I believe the population as a whole benefits from scientific advances, especially in the medical field.",,valid,
40613,GBR,OE,Society eventually benefits from science. Science promotes learning and understanding which is mostly of benefit to evolving mankind's knowledge base.,,valid,
40706,GBR,OE,I think the whole world benefits from science. It increases our understanding of current situations and can also give us solutions or ways to prevent negative outcomes.,,valid,
40735,GBR,OE,,IF THEY HAVE STUDIED THE SUBJECT in depth so they know what they are talking about.,valid,
40905,GBR,MD,I think society as a whole benefits from science we would not be where we are without it. It dictates our whole lives,,valid,
41221,GEO,MD,Gffhh,,invalid,B:短无元音
41241,GEO,OE,Никогда не сталкивалась с этим издательством,,valid,
41292,GEO,MD,,Kaliteli,valid,
41336,GEO,OE,От науки больше выигрывает определенная группа людей целью которой является управление человеческим ресурсом. Для них научные знания это средство управления.,,valid,
41398,GEO,MD,,"К науке отношусь положительно, к ученным тоже. Наука не стоит на месте и это хорошо.",valid,
41466,GEO,OE,транскампании они курируют науку в нужном им направлении,,valid,
41587,GHA,MD,Children and women,,valid,
41678,GHA,OE,"Those that are willing to participate in it knowledgeably. By this, I don't mean individuals that use science and technology ignorantly but those that use it knowledgeably and to their advantage. It doesn't have to be a full blown research but little things that could be used to improve our lives on a daily basis.",,valid,
41835,GHA,MD,"I believe every living being benefits from science.my reasons are:- you will agree with me that in the global today everything is being controlled by science from the food we eat, clothings, health and well-being,electronics etc.lets talk about health for Instance, before when science has not been so much on a known, people die carelessly e.g in olden days when there is nothing like dialysis machine people die of a kidney disease so fast.Lets come to technology, when there was no telephones people suffered to convey their messages, when there was no electricity people suffered in darkness, when there was no radio and television sets people lived with lack of informations alot I can say about science. Infact science is the best thing that happened to world.",,valid,
41918,GHA,MD,"The rich 
Because they have money to attend good science school",,valid,
41964,GHA,OE,,Churning the right facts devoid of agenda even if his findings are contrary to the status quo,valid,
42041,GHA,OE,"The human being, because it helps us to know a lot about our environment",,valid,
42202,HKG,MD,,为弱势群体争取应有的权利。,valid,
42234,HKG,OE,市民,,valid,
42270,HKG,MD,,,invalid,两题都空
42293,HKG,OE,人類 因為令生活更方便,,valid,
42506,HKG,OE,,探討深入程度,valid,
42567,HKG,OE,no,,valid,
42844,HUN,MD,"Nem tudom kinek származik haszna,de sokan a tudományra hivatkozva lop,csal,hazudik",,valid,
42931,HUN,MD,,Ha bizonyítja a tevékenységét,valid,
42986,HUN,OE,,A tudásáról. Amit át tud adni más emberek számára.,valid,
43002,HUN,OE,"Minden embernek , kivétel a hadi tudományok. Ezeket sajnos sokszor emberiség elleni bűncselekmények én használják fel.",,valid,
43014,HUN,OE,,"Az általa publikált tanulmányoktól, azokat milyen kísérletek támasztják alá.",valid,
43047,HUN,MD,"Szerény meglátásom szerint, a történelem folyamán bármit is feltaláltak, előbb vagy utóbb rossz kezekbe került a tudás. Nem feltétlen pozitív oldalát használták, ha igen, pár évtizeddel később beszüntették ilyen-olyan okkal. Biztos nem mindenre igaz és az is biztos, hogy a tudósok vitatkoznak mindenen. Ez jó, hiszen más szemszög, más kísérlet, hely stb, csak inkább dolgoznának össze és ne egymás ellen lennének. A tudomány nem verseny.",,valid,
43258,IDN,OE,,Ilmuwan dapat dipercaya karena pemikiran dan temuan-temuannya menghasilkan manfaat yang nyata untuk kehidupan.,valid,
43427,IDN,MD,,Menemukan sesuatu untuk kebaikan dengan proses uji coba yang terbukti baik dengan maksud dan tujuan penyelamatan dan dibagikan kepada yang membutuhkan dan ada pemulihan sehingga ilmuwan itu dapat dipercaya,valid,
43435,IDN,OE,"Manusia... Untuk menambah kualitas diri, pengetahuan dll",,valid,
43460,IDN,MD,Masyarakat umumnya yang paling diuntungkan karena akan menambah kemampuan dan menjadi lebih pandai serta bijak jika menghadapi masalah sesuai dgn ilmu tersebut dan bermanfaat bagi pemerintaj karena rakyatnya semakin pintar dan bijak.,,valid,
43593,IDN,MD,"Negara tempat para ilmuwan mengadakan penelitian, karena akan menguntungkan untuk pertama kalinya sebelum dipublikasikan",,valid,
43661,IDN,OE,,Memenuhi janjinya,valid,
43675,IDN,OE,"Ilmuan,karena ilmuan dapat mempredkisi sesuatu yang orang awam tidak tahu",,valid,
43750,IDN,MD,si pembuat ilmu karena dialah yang mendapatkan manfaat terbesar dari ilmu yang dia temukan,,valid,
43794,IDN,OE,,dapat dipercaya karna ilmu dan hasil karya ciptaannya bisa kita pakai dalam kegiatan sehari hari dan bisa diterapkan dalam berbagai solusi di lingkungan,valid,
43859,IDN,OE,Kita semua,,valid,
43916,IDN,OE,Kita semua,,valid,
44152,IDN,OE,Industri kesehatan serta perusahaan manufaktur,,valid,
44242,IDN,MD,,karena keilmuanya,valid,
44343,IDN,MD,,Karena memberikan manfaat temuannya dan berguna untuk masa depan,valid,
44405,IDN,OE,,Penemuan yang berguna,valid,
44437,IDN,OE,,Penemuan yang berguna,valid,
44626,IDN,OE,,menyampaikan temuannya tanpa ada yang disembunyikan dan tidak beorientasi dengan politik,valid,
44643,IDN,MD,,berdasarkan sourch data yang valid,valid,
44678,IDN,OE,,Penemuan yang berguna,valid,
44763,IDN,MD,Lembaga terkait untuk mencapai tujuan tertentu,,valid,
44778,IDN,OE,"1. masyarakat umum diuntungkan hanya pada saat ilmu pengetahuan bisa dinikmati dengan harga murah.
2. Pengusaha yang bisa menguasai teknologi yang sedang tren dengn cara menjual prooduk ke masyarakat.",,valid,
44823,IDN,OE,,"Saya pikir seorang ilmuwan bisa dipercaya karena ia sudah begitu lama belajar dan memiliki bukti nyata (entah penelitian atau bukti temuan berbentuk fisik) terkait hal yang ia sampaikan ke orang banyak, belum lagi ditambah dengan bagaimana hal yang ilmuwan katakan sejalan dengan fenomena yang tengah kita rasakan",valid,
44846,IDN,OE,Yang paling diuntungkan adalah pejabat isntansi yang berhubungan dengan kesehatan dan teknologi. Karena dari ilmu pengetahuan mereka dapat membuat produk atau keadaan yang memang relevan dengan keperluan masyarakat.,,valid,
45035,IDN,MD,,Memiliki pengetahuan yg luas,valid,
45084,IDN,OE,,hasil penelitiannya dan riset yang ditemukan,valid,
45177,IDN,OE,,Penemuannya,valid,
45321,ISR,OE,,מדען שמאמריו פורסמו במגזיני מדע ידועים ומפוקחים,valid,
45332,ISR,OE,,ציטטות מקורות של מחקר גם רקע שלו מהעבר,valid,
45438,ISR,OE,אנשים בעולם. אזרחים,,valid,
45492,ISR,OE,אני חושבת שכולם מרויחים  מהמדע. זה המצאות חדשות הארכת חיים.,,valid,
45647,ISR,MD,מפרסמים המאמר,,valid,
45675,ISR,MD,,לא מבין בזה כל כך,valid,
46148,ISR,MD,"המדע עצמו,
כי שומרים לעצמם את המידע האמיתי",,valid,
46329,ISR,MD,מי שמיצר את מדע.משקיע במדע זה שמרויח הכי הרבה מהמדע,,valid,
46377,IND,MD,,"To determine credibility, scientific studies need to be assessed along at least the following three dimensions. method and data transparency.",valid,
46465,IND,OE,,When he/she makes reaserch to all,valid,
46610,IND,OE,,Credibility of facts and integrity,valid,
46799,IND,OE,,he should be a little crazy than his/her peers and is quick-witted,valid,
46825,IND,MD,Please give me,,valid,
46910,JPN,MD,庶民。様々な科学技術を利用した物が開発されるから。,,valid,
47098,JPN,OE,,立場,valid,
47417,JPN,MD,,知識や技能の高さ、人としての振る舞い,valid,
47473,JPN,MD,"人類全員
科学の力がなければ生きていけないから",,valid,
47608,JPN,OE,"人類全般
なんとなく",,valid,
47694,JPN,MD,,はったり,valid,
47969,KEN,MD,,The practical,valid,
48176,KEN,OE,,Their research work.,valid,
48221,KEN,MD,,Facts,valid,
48301,KEN,MD,,"Ooh, science is trustworthy for many a times we see results exactly,if it's positive or negative,it proves right when it comes prooving true or false then we determine which is true,it gives some faith even when we don't want to trust",valid,
48458,KOR,MD,,관심없음,valid,
48747,KOR,MD,,안전,valid,
48763,KOR,OE,일반대중이다,,valid,
48770,KOR,OE,,도덕과 윤리를 지키는 것,valid,
48796,KOR,MD,,그냥,valid,
48880,KAZ,OE,Кто предан етому делу,,valid,
48899,KAZ,OE,"Ученые,которые изучают новые вещи, новые вирусы, новые явления.",,valid,
49023,KAZ,OE,"Крупные частные компании тесно связанные с научно -исследовательскими предприятиями и с коррумпированными госчиновниками, распределяющие госбюджет на науку.
Получение максимальной прибыли от реализации идей или продукции. (Медицина ,оборона, супер технологии в области автоматизации и компютеризации.",,valid,
49152,KAZ,MD,наука продвигает человечество,,valid,
49191,KAZ,MD,,,invalid,两题都空
49237,KAZ,MD,Человечество! Почему? А чтобы мы делали если бы ученых небыло? Стоял прогресс на месте вот и все! Благодаря науки мы лечимся изучаем больше информации!,,valid,
49369,KAZ,OE,,"Преданность науке, воспитание последователей, передача накопленных знаний.",valid,
49707,MAR,MD,Kolona mostafidina min hada,,valid,
49847,MAR,OE,جميع الناس,,valid,
49877,MAR,MD,المستفيد الاكبر من العلوم هم العلماء اولا الدول ثانيا و الشعوب تالثا فبفضل العلوم يتمكن العالم من ربح قوتهة و تتمكن الدول من التقدم اماما و تتمكن الشعوب من النيل بحياة افضل و احسن .,,valid,
50215,MEX,MD,"La verdad no sé, por lo que observo y escucho los que están en puestos de.muy altos funcionarios en secretaráas de salud y de gobierno, porque son ellos que estudian la.medicina la ciencia que creen saberlo.todo.y por lo tanto son los que mueven todo sobre ese tema",,valid,
50362,MEX,MD,"Los de la televisión
Porque informan a diario",,valid,
50383,MEX,MD,,Una parte x su experiencia y lo que ha vivido cada momento de su vida,valid,
50445,MYS,OE,Saya kerana saya suka menyelidik,,valid,
50495,MYS,MD,,Kerana mereka mengemukakan suatu teori baharu yg belum diterokai oleh mana2 pihak dan tidak terdapat mana2 yg menolaknya dlm masa terdekat,valid,
50509,MYS,OE,Peminat,,valid,
50511,MYS,OE,pesakit kerana dengan sains boleh mencari ubat untuk cure itu pesakit,,valid,
50612,MYS,OE,,Berdasarkan kajian yang dilakukan,valid,
50613,MYS,MD,,dengan fakta dan kajian yang tepat,valid,
50720,MYS,MD,,Rajin,valid,
50834,MYS,OE,,Keyakinan dan tindakan yang di percayai arau kata mereka.,valid,
50866,MYS,MD,Human cos human discover and reach unlimited things then they'll use it.,,valid,
50945,MYS,MD,,"pintar, jujur, integriti, tidak melebihi batas agama",valid,
51019,MYS,OE,masyarakat umum senang dapat maklumat,,valid,
51087,MYS,OE,,Karya atau komen saintis hendaklah mempunyai atau mengikuti fakta dan standard,valid,
51114,MYS,OE,,fakta yang bernas dan rasional,valid,
51268,MYS,OE,"pesakit, dengan kemajuan sains ubat baru dan lebih berkesan daripada dulu.",,valid,
51438,MYS,MD,,Senarai bukti kajian dan penemuan yang dipamerkan,valid,
51443,MYS,OE,,Etika Sains yang diamalkan dan reputasi saintis tersebut.,valid,
51575,NGA,MD,,What’s your knows and also what he can create with the  ideas he has,valid,
51670,NGA,MD,"I think scientists benefits the most, because they know how to utilize their findings better",,valid,
51675,NGA,OE,"The consumers benefits the most more than the inventors, this is because science have made living very easy and simple. Without science, the world would be a terrible place to live in and many lives would be lost due to lack of science and medical facilities and drugs.",,valid,
51693,NGA,OE,"Everybody benefits from science, because practically every activities and facilities which we use on daily basis is science inclined.",,valid,
51884,NGA,OE,The whole public benefits from science because scientific discoveries and innovations are made public for anyone to use. This innovations are made for everyone and not a particular set of people.,,valid,
51970,NGA,OE,Human being benefits most because it makes what human think is impossible to be possible.,,valid,
51995,NGA,MD,,What makes a scientist trustworthy is his ability to handle lives.,valid,
52076,NGA,MD,,"Their predictions and inventions that is advancing the globe. Also, their general knowledge about the universe.",valid,
52280,NGA,MD,Everything benefits from science,,valid,
52445,NGA,OE,,The ability to think out solution for the whole world,valid,
52452,NGA,OE,The rich people because they can afford it,,valid,
52467,NGA,OE,The rich because they have the money and influence to afford it,,valid,
52965,NIC,MD,,Lo hace q sus investigaciones sean veraces y objetivas para llegar a los resultados propuestos,valid,
52986,NIC,MD,,Por la trayectoria y las teoría confiables que algunos tienen bueno no todos son contados,valid,
53006,NIC,MD,"Los que más se venefician de la ciencia somo nosotros los seres humanos, los profesores y también nos ayuda a conocer más de nuestro alcanse",,valid,
53041,NOR,OE,,usikker,valid,
53103,NOR,MD,Vet ikke,,valid,
53176,NOR,MD,"Utvikle seg selv og påvirke andre.
Livsopphold og tjene penger",,valid,
53415,NOR,MD,,være etisk og forsiktig,valid,
53656,NZL,MD,,Yes everyone’s input has importance,valid,
53936,NZL,OE,,"Someone who does things in their own way,without interference. 
Someone who speaks the truth and works to benefit mankind.",valid,
53975,NZL,MD,"Humankind, depending on what type of science we talkin bout",,valid,
54328,NZL,OE,I think the people who benefit the most are the general public,,valid,
54359,NZL,OE,,,invalid,两题都空
54402,NZL,OE,,"In my opinion, I think the latest technology development by science help to do some great changes in the world territory",valid,
54404,NZL,OE,,,invalid,两题都空
54412,NZL,OE,,,invalid,两题都空
54422,NZL,OE,,In my opinion the most important aspects of a trustworthy source are their history of education and the degrees they have earned,valid,
54426,NZL,OE,,,invalid,两题都空
54429,NZL,OE,,Transparency in both the researcher's methods and their findings is what establishes a scientist's credibility.,valid,
54436,NZL,OE,,,invalid,两题都空
54475,NZL,OE,,The job of a scientist is to constantly conduct research and give a lot of data information and results that are very reliable to be trusted constantly.,valid,
54479,NZL,OE,"Education is the most beneficial in science, mainly because it can still enhance the value of education more, and also better the ability to store knowledge.",,valid,
54480,NZL,OE,,"Trustworthy is what can help us to improve the quality of life, while each time the results of research and development can help us to improve quickly.",valid,
54481,NZL,OE,,"Scientists have very smart minds and can be used to meet the needs of scientific research very well, and it is important that they provide good data information.",valid,
54592,NZL,OE,,"Scientists they have a good majesty and also have good qualities, but also to meet our needs, research and development of scientific results can help the development of society.",valid,
54622,NZL,OE,"I think biology benefits the most in terms of science, enhancing our human research on biotechnology and providing more data information.",,valid,
54623,NZL,OE,,The main thing is that scientists have the strongest scientific ability and also can analyze through more data and also test to accomplish a more perfect result. It is definitely trustworthy.,valid,
54626,NZL,OE,,"The key lies in the fact that it can enhance the development of various industries, scientists can still help more development trends, scientists are the most trustworthy data information.",valid,
54630,NZL,OE,,"Scientists can better help us to analyze a lot of things, especially more tests can be conducted, perfect to help solve the problem, or very trustworthy.",valid,
54633,NZL,OE,I have always believed that the public resources side benefits the most and can be relied upon to accomplish more of the needs of public utilities.,,valid,
54664,NZL,OE,,Education and credentials. This needs to said/shown if scientist is speaking/written article. I think both views need to be explained and then the scientists views backed with evidence,valid,
54717,NZL,OE,,"Scientists can basically help us better distinguish between true and false, and the most important thing is to provide rigorous scientific theories.",valid,
54763,NZL,OE,"It is mainly in the medical industry that benefits the most, where more information on experimental data is available and medical technology is improved at the same time.",,valid,
54765,NZL,MD,people like doctors as they need it to prove there theroys,,valid,
54792,NZL,OE,,"In my opinion, scientists are trusted mainly because they can help various industries to develop rapidly and also have a lot of research results.",valid,
54848,NZL,MD,,The fruitful research theories and teamwork of scientists have opened the eyes of the world to the fruits and trust of science and technology.,valid,
54850,NZL,OE,,"Hundreds of years of scientific theoretical research, both theoretical and applied, have accumulated a wealth of experience, which makes everything scientists do become trustworthy.",valid,
54865,NZL,OE,,The benefit is the world,valid,
54874,NZL,MD,It is my opinion,,valid,
54876,NZL,OE,"We all benefit from science, especially right now with climate change and how we travel to space.",,valid,
54916,NZL,OE,I generally think that biology benefits the most from more scientific approaches to more biotechnology.,,valid,
54977,NZL,MD,"Hmm.... Supposedly, when looking at it, you think it's yourself, but in the long run, It's all about upgrading to create something that removes the purpose of what you have been born to do yourself. 
Personally, my thoughts are, scientifically, someone wants to create or invent something to have ""control"" or power over!",,valid,
54993,NZL,MD,,professional knowledge,valid,
54999,NZL,OE,Students let them have better knowledge and prospects,,valid,
55016,NZL,MD,,The research that goes into it,valid,
55034,NZL,OE,,,invalid,两题都空
55080,NZL,OE,,,invalid,两题都空
55169,NZL,OE,People with health problems benefit from science and testing but I donÕt like the fact that we use animals in the testing but I know we have to use them,,valid,
55186,NZL,MD,Me and all the people.,,valid,
55203,NZL,OE,"Imagine if your family suddenly stopped watching TV at home. What would you do with all that extra room? If you ask a scientist, there is no such thing as a satisfactory result. Your descendants will be eternally grateful to you for providing them with the means to communicate with millions of people worldwide from the convenience of their own home computers.",,valid,
55209,NZL,OE,,,invalid,两题都空
55210,NZL,OE,,,invalid,两题都空
55222,NZL,OE,,,invalid,两题都空
55273,NZL,OE,,specialized knowledge,valid,
55295,NZL,OE,,,invalid,两题都空
55310,NZL,OE,,Scientific change reduces poverty everywhere,valid,
55433,NZL,OE,,,invalid,两题都空
55450,NZL,OE,,,invalid,两题都空
55495,NZL,OE,,,invalid,两题都空
55496,NZL,OE,,,invalid,两题都空
55497,NZL,OE,,,invalid,两题都空
55498,NZL,OE,,,invalid,两题都空
55506,NZL,OE,,Scientist should have to make connection with public as well for the better approach in society so that people can easily trust on their research and on them as well,valid,
55507,NZL,OE,We have lots of benefits of science like the electricity when we need to run any type of machine or when have to talk to any one we generally use cell phone that all are the part of science,,valid,
55509,NZL,OE,,,invalid,两题都空
55551,NZL,OE,,scientist have to do a proper research while inventing any of the tech or transportation and also have to come on public platform also for the better bond with public so that people can relate with them an try to understand them,valid,
55616,PER,MD,"Creo que los mayores beneficiados del avance de la ciencia son las organizaciones o empresas, ya que atravez de diferentes investigaciones se puede obtener nuevas formas o métodos para ser utilizados como recursos.",,valid,
55629,PER,MD,El hombre. Porque a raíz de que avanza la ciencia la tecnología va en aumento y mejora para el hombre.,,valid,
55757,PER,MD,"La humanidad, pues diarimente se descubren nuevos temas que nos ayudan en el bienestar de la humanidad, sin los cientificos no tendríamos la estabilidad que hay ahora",,valid,
55850,PER,OE,Pienso que los más beneficiados son las empresas de medicamentos ya que ellos lo ven como negocio es por eso que invierten bastante en avances científicos,,valid,
56198,PHL,OE,"Ang pinaka-nakikinabang sa siyensiya at agham ay ang sangkatauhan. Sapagkat sa pamamagitan ng discoveries at inventions ay nalalaman natin ang kahalagahan o pakinabang sa iba't-ibang bagay, gawa man ng kalikasan o gawa ng tao. Gayun din, naipapaalam sa atin ang mga cons o disadvantage aa paggamit ng mga bagay na nais natin gamitin sampu ng mga babala at panganib na maaaring kaharapin kung ipagpapatuloy ang paggamit ng mga iba't-ibang bagay.",,valid,
56322,PHL,OE,,Having transparency in my opinion is one of the traits in which an individual is considered trustworthy.,valid,
56398,PHL,OE,The people and the government,,valid,
56497,PHL,MD,,100%,invalid,T:纯非字母
56552,PHL,MD,I think all of people because science is very important.,,valid,
56600,PHL,OE,"Science answers all matters covering objects and events happening in our world, whether natural or unusual that gets broader and complicated by compounding (where one multiplies or replicates by number or mutation - e.g. results/effects from factory emissions and/or corrosion by non-living elements like rock and soil) objects and technology (simple to automated, e.g. heat and electric appliances). By people, using it divides them into aware and innocent ones, with benefit occurring most for ones ""aware"", whether open or closed into learning about how broad and endless its usage and features are to know what's out (not inside/hidden) in our world (differences of self and environment: former is for work/duties while latter is exploration and consciousness) - that we need to know to get safe and compliant with it (i.e., avoidance and antagonism gets bad/adverse with it: people isn't informed with knowledge to answer changes that occur).",,valid,
56719,PHL,MD,,By their specific and truthful opinion and their conclusion,valid,
56812,POL,MD,Andrzej Duda bo jest prezydentem,,valid,
56846,POL,MD,,Nie wiem czy to g w dniu dzisiejszym świecie i nie wiem czy 76 w dniu dzisiejszym świecie i,valid,
56957,POL,OE,"NIE MA NIC LEPSZEGO JAK OSIĄGNIĘCIE SUKCESU I TO JEST NAJWAŻNIEJSZE  BY DZIĘKI NAUCE WPROWADZAĆ INNOWACJE I WYNALAZKI, KTÓRE ULEPSZĄ LUDZKIE ŻYCIE. PRACA JAKO NAUKOWIEC, LEKARZ ,PEDAGOG POZWALA ZMIENIAC ŚWIAT",,valid,
57010,POL,MD,,Stoi po stronie pisu,valid,
57044,POL,MD,,przekonaniw,valid,
57275,POL,OE,"Mądrzy ludzie, którzy na tym zarabiają",,valid,
57632,POL,OE,"bogaci ludzie, którzy wykiezystują to w stosunku do niewykształconych ludzi",,valid,
57705,POL,MD,,Pieniądze i uznanie.,valid,
57875,POL,MD,,Nie wiem,valid,
57883,POL,OE,,"naukowiec jest godny zaufania, kiedy ma doświadczenie w danym temacie, kiedy widać, że ten temat jest mu bliski lub podoba się i on ciągle rozwija się w nim",valid,
57922,POL,MD,,"Tak, ponieważ ma bardzo dużą wiedzę, którą może przekazać innym",valid,
58180,POL,OE,,Nauka powinna wykształcać w człowieku cechy które sprawiają że jest godny zaufania,valid,
58247,POL,MD,rząd czerpie korzyści,,valid,
58440,POL,OE,,"Według mnie jest wiele przyczyn dlaczego konkretny naukowiec jest godny zaufania. Między innymi opinie innych, lub wykształcenie danego naukowca.",valid,
58448,POL,OE,,"Wiedza,autorytet naukowy",valid,
58459,POL,OE,,Jego pasja a nie chec zysku,valid,
58529,POL,MD,Studenci poniewaz znaja teo,,valid,
58537,POL,OE,,Wymysla nowe rzeczy z niczego,valid,
58582,POL,MD,Myślę że dobrze i lubię bardzo jesc,,valid,
58899,POL,OE,,DOWODY JAKIMI DYSPONUJE,valid,
59055,POL,OE,"Najwięcej korzyści czerpią osoby najbardziej zamożne, gdyż pierwsze mają do niej dostęp",,valid,
59057,POL,MD,,"Wiele lat się uczył, czytal książki miał wykłady, posiada sprzęt do badań",valid,
59320,POL,MD,,nic,valid,
59331,POL,OE,Ludzie,,valid,
59693,POL,OE,,"Myślę, że powinien mieć spore doświadczenie i dorobek naukowy, który pozwala ocenić jego wiarygodność. Nie powinien natomiast być powiązany z polityką, biznesem itp. gdyż wtedy stanie się tendencyjny.",valid,
59790,ROU,MD,,"Informeaza autentic, inteligibil pentru toată lumea, si nu se ferește de dialog",valid,
59849,ROU,AT,Oamenii in general,,valid,
59930,ROU,MD,,Sunt matematician. Deci sa nu greseasca demonstratia.,valid,
60120,ROU,AT,"Intelectualii, care sunt curiosi ori din cauza ocupatiei pe care le au, ori Pur sí simlu. Ín al doilea rand societetea, care castiga din beneficiile stiintei (medicina, computerizare, automatizare, etc.)",,valid,
60164,ROU,MD,,Să nu mintă,valid,
60303,SRB,MD,Naučnici,,valid,
60323,SRB,MD,Nasa zato sto mogu da je iskoriste da spase svet,,valid,
60618,SRB,OE,Čitavo čovečanstvo.,,valid,
60973,RUS,OE,,Его открытия и польза для общества,valid,
61108,RUS,OE,Военные и торговцы - наука находится под давлением капитала,,valid,
61120,RUS,OE,"Наука важна для всех. Так как она затрагивает все сферы жизни людей. Поэтому я считаю, что развитие науки важно для всего человечества.То есть для каждого.",,valid,
61151,RUS,OE,Государство и отдельные личности.,,valid,
61249,RUS,MD,,"Публикации в известных изданиях, награды",valid,
61397,RUS,OE,Государство. Возможность развития.,,valid,
61521,RUS,MD,,официально признанные достижения,valid,
61673,RUS,MD,I'm a student of ICT. And most of my life filled with science.,,valid,
61704,RUS,MD,,"опыты, которые проводятся не на животных и достоверные аргументы",valid,
61728,RUS,MD,,Если его открытия воплощаются в жизнь!,valid,
61776,RUS,MD,"государство не однородно. Граждане являются его членами, а не подданными. Тщательно изучив историю представительских учреждений на Западе, ученый сопоставлял их с русскими земскими соборами, которые, по его мнению, больше всего походили на французские Генеральные штаты. Но в условиях самодержавия земские соборы имели гораздо меньшее значение, чем сходные учреждения на Западе. Подход, предложенный в работах Б.Н.Чичерина, положил начало новому направлению в русской историографии, основанному на сравнении западных и российской государственных систем.",,valid,
61912,RUS,MD,ГОСУДАРСТВО,,valid,
61992,RUS,OE,,Использование научного метода.,valid,
62110,RUS,OE,Ученые,,valid,
62227,RUS,OE,,"Ученый заслуживает доверия, если его теории/гипотезы имеют хоть какие-то доказательства, не основаны на чем-то сверхъестественном или религиозном",valid,
62268,RUS,OE,"Производители. Оптимизация достигается использованием новых технологий, полученных из науки",,valid,
62342,SWE,MD,Vet ej,,valid,
62366,SWE,MD,,,invalid,两题都空
62400,SWE,OE,mänskor,,valid,
62463,SWE,OE,De som har kunskap om aktier och fonder. Nya metoder och vacciner/mediciner leder till nya pengar som kan investeras,,valid,
62514,SWE,MD,,Dåliga tider,valid,
62536,SWE,OE,De yngre som behöver en bättre uppfattning om världen å klimat,,valid,
62631,SWE,OE,Den enskilda individen,,valid,
62706,SWE,OE,,Vet ej,valid,
62764,SWE,OE,Sjxb,,invalid,B:短无元音
62794,SWE,MD,,Att den är gjord via ett universitet med en forskare,valid,
63129,SWE,OE,,Att de varit noggrann och kan redovisa hur de kommit fram till svaren,valid,
63372,TUR,OE,Bilimden tıp dünyası dahaçok yararlanıyor çünkü gelişimlerinde bilime ihtiyaç duyuyorlar.,,valid,
63522,TUR,MD,,araştırmaları ve sonuçları,valid,
63533,TUR,MD,Bilimle pek alakam yok,,valid,
63747,TUR,MD,İş adamları olanakları dogrultusunda,,valid,
63835,TWN,MD,電腦,,valid,
63852,TWN,OE,"大家
因為科學為現代進度的發展",,valid,
64327,TWN,OE,若將科學落實於生活中，則普羅大眾將最為受益。,,valid,
64381,TWN,MD,,探尋真理，而非受政治或金錢操弄,valid,
64569,TWN,OE,大多人都受益科學科學運用在生活上的很多事情幫助我們讓生活更便利,,valid,
64672,TWN,OE,"每一位人民,
受益於科學帶來的成果",,valid,
64761,TWN,MD,人類，因為生活變得更便利,,valid,
64892,TWN,MD,,實證.實驗精神,valid,
64907,TWN,MD,,數據跟不斷的驗證,valid,
65227,UKR,OE,найбільшу користь від науки отримує людство,,valid,
65293,UKR,MD,,Не знаю,valid,
65316,UKR,OE,діти тому що для їх віку це необхідно,,valid,
65332,UKR,MD,На мою думку найбільшу користь отримують олігархи! Вони використовують науку в своїх цілях щоб задурити голову массам людей!,,valid,
65456,UKR,OE,Человек. Любое направление в науке облегчает ему жизнь.,,valid,
65520,UKR,OE,"Пользу от науки получают все цивилизованные люди через технологии, повышающие качество жизни.",,valid,
65615,UKR,OE,,"Работы,практика,результат.",valid,
65652,UKR,OE,,"Корисні для людства відкриття,  такі як ліки від невиліковних хвороб",valid,
65710,UKR,OE,,Наука в дії а не на папері,valid,
65868,UKR,OE,,"Вчений, що виконує свою роботу сумлінно",valid,
65962,UKR,MD,,Востребованым,valid,
66012,UKR,MD,,ничего,valid,
66029,UKR,MD,,дослідження,valid,
66050,UKR,MD,,Не какає біля лабораторії,valid,
66257,UGA,OE,"The general public all around the world,discoveries have been made through science that saved lives and made life easy",,valid,
66284,UGA,MD,,"Integrity; Scientists must adhere to a strong code of ethics, ensuring they conduct research honestly and accurately, and report their findings transparently. Manipulating or fabricating data erodes trust.",valid,
66444,UGA,OE,science helps us see things in new aspects,,valid,
66536,UGA,OE,Innovation of new things. Science helps to innovate news things in existence hence creation of jobs,,valid,
66547,UGA,MD,,Living things,valid,
66664,USA,OE,,How are you feeling today but I can do that question i tire and auto to get a,valid,
66680,USA,OE,Human beings benefit most from science because it more easier for us to cram and succeed,,valid,
66818,USA,OE,,I would say very interesting and lovely brand that’s incredible Helpfuk,valid,
66820,USA,OE,The whole public,,valid,
66841,USA,MD,,if they can back up a hypothesis w concrete data that backs it,valid,
66906,USA,OE,,I really love everything about this,valid,
66932,USA,OE,Everybody really. Although I think that's a dumb and obvious question. At the same time though we also have the misfortune of being taught things from science that we are told later is wrong.,,valid,
66968,USA,MD,,Cause of him being smart,valid,
67019,USA,OE,,Well first off his credentials he s education background and whatever work they do if that work has done any good for the world,valid,
67069,USA,MD,I’m going out to eat and I don’t want you guys to feel bad,,valid,
67077,USA,MD,,Showing their findings and projects to  the media,valid,
67171,USA,OE,Engineers because of the weather I will be in touch with you and your family a very nice day to be out of the office,,valid,
67183,USA,OE,"because develop new technology, solve practical problems, and make informed decisions.",,valid,
67211,USA,OE,"I think society as a whole benefits the most from science. Science has the potential to improve the quality of life for all people by improving health outcomes, providing access to new technologies and innovations, and solving some of the world's most pressing problems such as climate change, poverty, and food insecurity.",,valid,
67240,USA,OE,it was good,,valid,
67241,USA,OE,I think the populace benefits more than any other race because science is facts,,valid,
67329,USA,OE,,it is  very good,valid,
67379,USA,OE,"Science did easy our Daily and long life, wr all get benefit of science",,valid,
67393,USA,OE,most like science,,valid,
67463,USA,OE,"It is nice for me to use, and I love everything about it",,valid,
67497,USA,OE,,very well and like all very well and good,valid,
67504,USA,OE,The till characters in a few weeks ago but it will probably take a picture with the job is going,,valid,
67536,USA,MD,,I think science is pretty cool,valid,
67802,USA,OE,,They are open and honest with their information,valid,
67813,USA,MD,,The research and affirm in it,valid,
67884,USA,OE,"everybody, in one way or another. hard to choose",,valid,
67974,USA,OE,,Very much for you and I will call you in the hospital for the environment for you and your house to come in for an interview at the end and the address for the same price,valid,
67982,USA,MD,I love you mama mama mommy love,,valid,
67996,USA,OE,,When his findings benefit the entire planet.,valid,
68007,USA,OE,,the Valley Hospital and the family is a great way to go about this and it would have to do in,valid,
68011,USA,OE,well,,valid,
68021,USA,MD,,Don't know,valid,
68061,USA,OE,Excellent good quality this survey,,valid,
68064,USA,OE,Everyone because it's necessary for us to know what's going on in the world around us,,valid,
68199,USA,OE,,I think that would depend on the scientist and getting to know them. A person is trustworthy or they're not. I would like to think that all scientists were trustworthy and I would like to think that all  people are trustworthy but scientists are just like everyone else.,valid,
68259,USA,OE,,One who is not funded or influenced by an entity that is controlling him/her.,valid,
68338,USA,OE,,"Nothing, but their ideals in advancing society makes me believe they favor a specific side",valid,
68363,USA,OE,The scientists of course and the people in this country we need to know why things happen the way they do and what they can do to help us as the people to help with infections to live longer to help the sick etc etc,,valid,
68452,USA,OE,I have no clue at all to be honest.,,valid,
68505,USA,OE,,Science is the best object,valid,
68604,USA,MD,,there intelligents,valid,
68660,COD,MD,Moi même je bénéficie de la science car ça me permet d'apprendre les matières non apprises à l'université.,,valid,
68668,COD,MD,,Par rapport à sa capacité à impacter sur la vie humaine,valid,
68696,COD,MD,"Le médecin, pour améliorer leur connaissance",,valid,
68760,USA,OE,Quarantine science,,valid,
68781,USA,OE,Schedule is for me tomorrow or Tuesday at work so,,valid,
69020,USA,OE,,it's unique and different,valid,
69356,USA,OE,,It is not a half day location of my stuff in about it I dey oo l I can't be there in a few minutes,valid,
69371,COD,OE,,Son expérience,valid,
69466,COD,OE,"C'est les personnels de santé , parcequ;ils sont obligé de connaitre tout mouvement sur les produits et leure adminstration",,valid,
69639,URY,MD,"Y es un conjunto los científicos, que van de la mano Cón la política",,valid,
69732,URY,AT,La humanidad porque sus avances permiten mejorar la calidad y expectativa de vida además de aumentar el conocimiento,,valid,
69779,URY,MD,,Su experiencia su credibilidad el interés y compromiso sin fines de lucro,valid,
69910,CMR,MD,,Ouï,valid,
70193,CMR,MD,,Il me faut beaucoup à apprendre,valid,
70316,CMR,OE,L'humanité est la principale bénéficiaire des bienfaits de la science. La science facilite la vie de l'homme et lui permet de mieux comprendre le monde,,valid,
70347,CMR,MD,Plante and animals because that of plante and animals been found in work about every day?,,valid,
70666,CIV,OE,L’homme parce que l’environnement dans lequel nous vivons est lié à la science,,valid,
70700,CIV,MD,Bah jai pas de réponse car je sais pas qui choisis,,valid,
70749,CIV,MD,Sa je ne sais pas,,valid,
71018,ZAF,OE,,When they can prove that their products and finding are real.,valid,
71116,ZAF,OE,"I think that people who are rich benefit the most, because they can afford new technology items, better education, health care and their opinions matters or are respected the most.",,valid,
71306,ZAF,MD,,They collect the data and previous and compare it to make predictive models that are 90% accurate. That's why scientists are trustworthy.,valid,
71449,ZAF,OE,,research backed by others not linked and no money involved,valid,
71616,ZAF,MD,,His answers,valid,
71752,ZAF,OE,,Adherence to scientific principles and peer review; in combination with his/her moral character and positive intention.,valid,
71754,ZAF,MD,I love science and I think it helps us to improve our lives. There is one exception. I don't believe in evolution because it is against the Bible.,,valid,
71796,ZAF,OE,"If the word science means ONLY ""by testing and observation"", then I have the greatest respect for scientists. If the word science is used in todays broader sense of the word, then I have NO respect for the scientists involved.",,valid,
