row_id,COUNTRY_CODE,BENEFIT_OPEN,TRUST_OPEN,auto_decision,auto_reason
38552,PRT,"a humanidade, pois a ciência descobre a cura para muitas doenças",a sua dedicação ao trabalho,valid,
38555,PRT,Todos nós pois a ciência nunca beneficia só uma pessoa ,A exposição com fatos do seu trabalho ,valid,
38557,PRT,Somos todos nós porque a ciência contribui para o desenvolvimento de tudo,A sua sabedoria ,valid,
38573,PRT,Todos beneficiam,O seu percurso profissional e as descobertas ,valid,
38574,PRT,"Nós os nossos filhos, pais, todos beneficiamos com isso","Testes, eficacia",valid,
38594,PRT,As grandes cooperatives e laboratories que ocultam a verdade para ter lucro,Não estar agregado a instituicoes publicas. ,valid,
38617,PRT,"Nós os seres humanos, os animais etc.  É preciso dos que todos colaborem pra termos algo novo",N faço ideia,valid,
38629,PRT,"as pessoas, para o bem publico",o resultado do trabalho dele,valid,
38638,PRT,a medicina,não sei,valid,
38640,PRT,Penso que são os doentes e a população em geral uma vez que os cientistas tentam encontrar vacinas e outros para as patologias e os problemas ambientais.,Se conseguir mostrar que as suas pesquisas são fiáveis.,valid,
38642,PRT,As empresas pelos progressos que lhes dão ,Ter vários estudos e vários trabalhos reconhecidos,valid,
38643,PRT,Todos. Contributo para melhor qualidade de vida.,dedicação e profissionalismo,valid,
38645,PRT,Todos,Experiencia,valid,
38648,PRT,"No fundo acabamos todos por beneficiar, uma vez que se trabalha para um fim comum.",...,valid,
38649,PRT,As geracoes futuras porque é um trabalho contínuo de pesquisa e melhoramento das condicoes,"São  os fatos, as experiencias e as conclusões certeiras",valid,
38651,PRT,"Todos nós beneficiamos com a ciência, basta saber usa-la para as situações certas",A divulgação do seu trabalho para que outros possam dar a sua opinião,valid,
38652,PRT,O homem,Os resultados obtidos atraves da investigacao,valid,
38656,PRT,Toda a gente. Porque estamos a evoluir enquanto ciência ,Os resultados ,valid,
38660,PRT,"Industria Farmacêutica
",Industria Farmaceutica,valid,
38662,PRT,todo o mundo. a ciencia permite qualidade de vida. contudo convem ser dedicado ao bem estar do que ao ganho somente monetario,tudo,valid,
38671,PRT,todos. vivemos todos neste mundo,que seja para o bem de todos,valid,
38683,PRT,A população mundial pois a ciência permite a evolução e sobrevivência ,Estudos éticos em ambientes controlados ,valid,
38699,PRT,"Todos, desde que bem usado o conhecimento da ciência, se mal pasado... apenas alguns beneficiam e tiram vantagens desse conhecimento ou a ocultação do mesmo ","A isenção, só será confiável se não trabalhar para corporacoes com interesse em certos resultados dos estudos científicos.",valid,
38708,PRT,"acho que os ricos, porque tem dinheiro para investir ","o seu certificado de habilitição e claro, que as suas teorias sejam comprovadas",valid,
38726,PRT,Estado ,Estudos ,valid,
38737,PRT,Sociedade ,Os contributos para a sociedade ,valid,
38752,PRT,"A população em geral, os midia e até as grandes empresas. A ciência ajuda a divulgação  da população em geral.",Saber que a sua opinião e divulgação da propria ciência É TRANSMITIDA e ajuda a população a uma melhor sabedoria.,valid,
38757,PRT,os cientistas e estudantes ,não sei ,valid,
38765,PRT,"Todos nós beneficiamos com a ciência.
Na medida em que possibilita avanços nas mais variadas áreas ",O rigor da investigação que se propõe a fazer ,valid,
38767,PRT,toda a gente porque o próprio conceito é muito abrangente,não sei,valid,
38769,PRT,"Os povos, permite o avanço, o desenvolvimento do conhecimento",Exemplos praticos que combinam com a teoria,valid,
38770,PRT,não sei,ser confiante,valid,
38775,PRT,investigação,clareza,valid,
38779,PRT,"A sociedade. A ciência seja na sua forma de arqueologia, medicina, engenharia, etc.",Os seus pares e publicações.,valid,
38782,PRT,Diversos áreas como tecnologia para ter um mundo mais evoluído ,Um profissional com credibilidade ,valid,
38790,PRT,a industria,a sua experiencia através de pesquisas feitas,valid,
38792,PRT,Mais beneficiados pela ciência serão as empresas e quem use melhor a ferramenta das hipóteses,Saber encontrar e reconhecer as respostas concretas do mundo,valid,
38797,PRT,Todo o mundo.,As suas conquistas.,valid,
38804,PRT,O ser Humano,Aquele que fundamenta a sua teoria baseado em factos,valid,
38807,PRT,Neste momento o mundo empresarial que a explora. ,"O que torna um cientista confiável, são provas dadas ao nível das sua investigação e resultados.",valid,
38822,PRT,Empresas e as pessoas ,a sua aplicação ,valid,
38829,PRT,"Com a ciência toda a humanidade ficara valorizada com o seu avanço, para que seja possível existir melhor qualidade de vida",Cientista confiável trata-se de um indivíduo integro com ideias claras de uma idoneidade impar.,valid,
38832,PRT,"nos, por sermos fieis humanos",a sua experiencia,valid,
38845,PRT,"Toda gente menos o cidadão comum, pois penso que existe muita desinformação a ser divulgada ","Sinceramente não consigo responder, qualquer pessoa ou posto pode ser confiável.",valid,
38864,PRT,todos,resultados,valid,
38867,PRT,Na,N,invalid,单字母
38869,PRT,Todos nós... Na saúde. Na alimentação ,O escrutínio a que está sujeito ,valid,
38871,PRT,Humanidade ,Resultados,valid,
38888,PRT,Toda a gente beneficia porque conhecimento não prejudica muito pelo contrário. Quando estamos mais e melhor informados podemos fazer melhores decisões ,Porque segue o método científico e pode ser comprovada ,valid,
38914,PRT,As grandes corporações ,O seu trabalho ,valid,
38921,PRT,Todos,Estudos publicados,valid,
38922,PRT,Todos nós. No novas descobertas ,Os prêmios ,valid,
38931,PRT,somos todos. Porque através da ciência e da sua evolução temos melhores condições de vida,Os resultados,valid,
38941,PRT,Os grandes grupos económicos porque tudo e negocio  ,humildade da pessoa  ,valid,
38944,PRT,Todos. Porque o conhecimento espalha-se e compartilhá-lo pela comunidade. Sem isso perde o interesse e a sua verdadeira eficácia por ausência de comunicação. ,O que investiga e desenvolve projetos úteis para todos afim de resolver problemas melhorando a nossa qualidade de vida e bem estar.,valid,
38955,PRT,Tudos nos beneficiamos da ciência pois graças a ela podemos desarrollar melhor nosso dia a dia e aprender casi día coisas novas ,Un cientista confiável torna as suas teorias e os experimentos que confirman a mesma ,valid,
38971,PRT,"A sociedade em geral, porque a ciência é a lógica em todas as coisas, trata-se de procurar os porquês e não de aceitar verdades idílicas ou religiosas.","Os resultados do seu estudo, confirmados por uma maioria considerável dos seus pares ",valid,
38977,PRT,"As pessoas doentes, uma vez que avanços na ciência ajudam a descobrir curas por exemplo",Não faço a mínima ideia.,valid,
38979,PRT,A sociedade. Por causa dos avanços transversais a todas as areas,Dados concretos sem quaisquer filiações ,valid,
38987,PRT,"As pessoas, o ganho de conhecimento favorece o nosso bem estar. ","Ser humilde, honesto e transparente ",valid,
38999,PRT,Não ,Honestidade ,valid,
39004,PRT,"com a ciência todos beneficiamos  porque podemos ter acesso a modelos/valores / técnicas/ tecnologias comprovados,... (evolução sustentada) podemos de alguma forma tentar acautelar comportamentos,... os comportamentos racionais deveriam fazer parte inclusa e acompanhar a evolução e o crescimento de alguma forma incutida pela tecnologia  (podemos e devemos no entanto precaver anormalidades/desvios daquilo que supostamente será o equilíbrio, basta olhar para o conflito(guerra) russia-ucrania.",A experiência vs resultados,valid,
39021,PRT,"todos nós
","que os seus estudos sejam certificados e comprovados
",valid,
39025,PRT,Toda a gente fica a ganhar com a ciência no entanto esta tem de ser ética e moralmente respeitada não pode servir lobbies das grandes multinacionais. ,"A sua objetividade, argumentação robusta e inviolável e garantia de total imparcialidade perante empresas, governos ou qualquer autoridade/entidade. ",valid,
39032,PRT,jh,kjg,invalid,非语言/键盘乱敲
39039,PRT,O setor tecnológico ,As suas pesquisas,valid,
39042,PRT,As empresas que fazem os estudos que são financiados pelos governos já que lhes dão muito dinheiro,"A empresa que fornece os dados, dependendo da empresa o cientista pode ser confiável ou não",valid,
43205,IDN,"Diri kita sendiri, karena dengan begitu kita bisa mendapatkan wawasan ",NA,valid,
43221,IDN,NA,Karena kecerdasan dan keahlian dibidang nya,valid,
43229,IDN,NA,Dari hasil penelitiannya,valid,
43244,IDN,NA,Karya ilmiah ,valid,
43245,IDN,NA,Telah mekakukan penelitian dan riset yg benar,valid,
43261,IDN,"orang yang mau belajar, karena banyak manfaat dari pengetahuan ",NA,valid,
43281,IDN,NA,Ok,invalid,非语言/键盘乱敲
43307,IDN,"Anak anak karena mereka dalam masa pengenalan ,perkembangan dan rasa ingin tau yang tinggi sehingga bisa mudah diingat dan dipelajari",NA,valid,
43310,IDN,Manusia karena bertambah pintar,NA,valid,
43327,IDN,"Ilmu Pengetahuan sangat penting, apalagi di era seperti saat ini yang segala macam informasi dapat dengan mudah didapat",NA,valid,
43334,IDN,"Yang paling di untung kan adalah kita, dengan adanya pembekalan ilmu pengetahuan kita menjadi manusia yang punya pengetahuan yang luas.",NA,valid,
43341,IDN,NA,Penelitian nya,valid,
43356,IDN,NA,karyanya indepeden tidak mempolitisasi,valid,
43388,IDN,Diri sendiri,NA,valid,
43394,IDN,NA,"Karyanya sesuai ilmiah, dan nyata",valid,
43413,IDN,NA,Dasar ilmunya,valid,
43418,IDN,NA,Ilmu yang ditempanya,valid,
43429,IDN,NA,karena pengetahuanya cukup tinggi dan telah tereuji,valid,
43431,IDN,NA,selama omongannya masuk dia akal,valid,
43468,IDN,masyarakat berkat penemuan - penemuan yang bisa diterapkan di berbagai aspek,NA,valid,
43474,IDN,NA,dapat dipercaya bila disertai bukti dan hasil dari penelitian yang akurat,valid,
43475,IDN,Semua masyarakat memperoleh manfaat dari ilmu pengetahuan,NA,valid,
43487,IDN,manusia . karena manusia memiliki akal,NA,valid,
43503,IDN,NA,Penjelasan dari hasil penelitiannya dan bukti dari hasil yang dia pelajari. ,valid,
43507,IDN,Manusia karena orang di dunia ini pasti membutuhkan suatu pengetahuan.,NA,valid,
43509,IDN,NA,ilmuwan yang ketika berbicara sesuai fakta dan tidak mengada-ada,valid,
43539,IDN,manusia tentunya,NA,valid,
43556,IDN,NA,"Y
",invalid,单字母
43562,IDN,NA,karena ahli dibidangnya dan lebih kredibel,valid,
43575,IDN,"Manusia karena bisa menambah wawasan pengetahuan, mengeksplorw dan mengedukasi diri sendiri dan orang lain",NA,valid,
43587,IDN,"Masyarakat
Karena sangat bermanfaat",NA,valid,
43596,IDN,diri kita sediri,NA,valid,
43607,IDN,masyarakat karena dapat kemudahan dari ilmu pengetahuan,NA,valid,
43622,IDN,"Manusia, karena dengan adanya ilmu pengetahuan manusia bisa mengeksplor lebih dalam tentang segala hal yang ada di dunia ini",NA,valid,
43636,IDN,"yang diuntungkan penemu dan masyarakat, jika penemuan tersebut murni untum kepentingan umum",NA,valid,
43639,IDN,Kita semua diuntungkan ,NA,valid,
43647,IDN,NA,Kita semu diuntungkan,valid,
43665,IDN,yang punya pendidikan tertinggi,NA,valid,
43687,IDN,ada,NA,invalid,"BENEFIT: 泛词 ""ada"""
43695,IDN,NA,Kepandaiannya,valid,
43701,IDN,Masyarakat,NA,valid,
43711,IDN,Kita semua,NA,valid,
43719,IDN,Kita semua ,NA,valid,
43727,IDN,manusia karena semakin memudahkan hidup manusia ,NA,valid,
43730,IDN,NA,Karena penelitian yang sudah di uji dengan baik dan sangat teliti,valid,
43731,IDN,NA,jika sudah ada hasil riset,valid,
43734,IDN,Tidak ada komentar. Terima kasih.,NA,valid,
43738,IDN,"orang yang share ilmunya, karna berbuat kebaikan",NA,valid,
43740,IDN,NA,"karena seorang ilmuwan telah melakukan penelitian,sehingga apa yang d hasilkannya kemungkinan dapat dipercaya",valid,
43745,IDN,"yang paling diuntungkan dari Ilmu Pengetahuan yaitu pengusaha, dengan ada nya llmu pengetahuan bisa menambah lahan untuk membuka usaha yang baru",NA,valid,
43747,IDN,NA,ya dapat dipercaya karena penelitian nya,valid,
43757,IDN,manusia karena terbantukan adanya teknologi yang mutahir menjadikan manusia terbantu atas kecanggihan teknologi tersebut,NA,valid,
43779,IDN,Pemerintah. Karena pemerintah mempunyai kekuasaan penuh,NA,valid,
43815,IDN,NA,Ide cemerlang nya atau hasil dr experimen yg berhasil di gunakan,valid,
43820,IDN,NA,karena fakta dan opini telah di buktikan secara nyata,valid,
43821,IDN,"Kita semua di untungkan, karena membantu kehidupan kita ke depan",NA,valid,
43828,IDN,NA,ilmunya bermanfaat,valid,
43831,IDN,wawasan untuk melakukan suatu hal,NA,valid,
43839,IDN,semua orang. dengan ilmu pengetahuan kehidupan akan lebih baik,NA,valid,
43841,IDN,manusia pemakai,NA,valid,
43851,IDN,NA,Dengan karya tulisan nya dan teori serta praktek yang ia jalanin atau temukan,valid,
43856,IDN,NA,Memberikan penjelasan ilmiah yang mudah dipahami orang awam,valid,
43858,IDN,semua orang karena dengan ilmu pengetahuan membuat hidup manusia lebih tertata rapi dan terstruktur,NA,valid,
43874,IDN,"Orang banyak, karena ilmu pengetahuan merupakan ilmu yang dapat di nikmati oleh semua orang.",NA,valid,
43882,IDN,Diri sendiri karena ilmu pengetahuan sangat penting untuk bejar ,NA,valid,
43892,IDN,manusia yang mampu menggunakannya,NA,valid,
43903,IDN,semua umat manusia,NA,valid,
43904,IDN,Kita sendiri karna kita dapat mengetahui ke lanjutan hidup kita dengan ilmu pengetahuan dan tujuan hidup kita mau d arahkan ke mna,NA,valid,
43928,IDN,NA,dapat dipercaya,valid,
43930,IDN,NA,dapat,invalid,"TRUST: 泛词 ""dapat"""
43943,IDN,NA,Hasil penelitiannya dapat dipertanggungjawabkan dan sesuai data data uji,valid,
43944,IDN,NA,implementasinya dimasyarakat,valid,
43946,IDN,Penemuan yang berguna ,NA,valid,
43950,IDN,Rakyat jelata,NA,valid,
43960,IDN,NA,sebelumnya telah ujicoba dan riset,valid,
43973,IDN,NA,Penemuan yang berguna,valid,
43974,IDN,manusai,NA,valid,
43979,IDN,NA,"sebenarnya tidak hanya semua sudah sesuai prosedur bahwa setiap orng yg bersekolah wajib memberikan ilmunya untuk bangsa dan negara, sehingga layaknya bisa dipercaya",valid,
43999,IDN,seluruh penduduk dunia,NA,valid,
44004,IDN,NA,lemutakhiran hasil penemuannya,valid,
44020,IDN,NA,Dipercaya jika dia membuat penemuan yang bermanfaat bagi manusia,valid,
44045,IDN,masyarakat luas karena sangat penting bagi kelangsungan hidup individu lainnya,NA,valid,
44047,IDN,Umat manusia secara garis besar karena memberikan dampak yang besar dalam kehidupan,NA,valid,
44054,IDN,NA,Hasil penelitiannya memang terbukti,valid,
44060,IDN,masyarakat karna wawasan kita jadi berkembang,NA,valid,
44065,IDN,Orang-orang yang memiliki tujuan tertentu yang mengarah pada objek tertentu,NA,valid,
44071,IDN,orang yang memanfaatkan dengan baik ilmu pengetahuan itu,NA,valid,
44083,IDN,Masyarakat  karena Menurut Anda siapa yang paling diuntungkan dari ilmu pengetahuan d,NA,valid,
44090,IDN,NA,Tidak ada komentar ,valid,
44091,IDN,"yang paling diuntungkan dari ilmu prngetahuan adalah produsen perangkat, karena mereka bisa membuat dan menjaul perangkat kepada masyarakat",NA,valid,
44095,IDN,NA,dia berkata sejujur jujurnya tentang apa yang dia lakukan,valid,
44108,IDN,Ilmuan sendiri dan orang sekitar,NA,valid,
44115,IDN,NA,hanya jika ilmuwan tersebut dapat memberikan bukti dan fakta secara nyata tentang apa yang mereka pelajari dan mereka teliti dan dapat bermanfaat bagi semua makhluk hidup ,valid,
44125,IDN,Negara ,NA,valid,
44128,IDN,"Manusia, karena dengan ilmu pengetahuan, manusia dapat memahami hal-hal di dunia kemudian dimanfaatkan untuk kehidupannya menjadi lebih baik.",NA,valid,
44164,IDN,Banyak orang yang akan mendapatkan manfaat dari ilmu pengetahuna tersebut.,NA,valid,
44177,IDN,NA,dari ilmu pengetahuan yang dia miliki dan pelajari cukup lama.  dan gelar dan prestasi yang dia miliki ,valid,
44202,IDN,ilmu untuk bertahan hidup di dunia,NA,valid,
44210,IDN,diri sendiri karena ilmu itu penting,NA,valid,
44216,IDN,"Pemeeintah , karena untuk kepentingan bersama",NA,valid,
44236,IDN,NA,karna karya nya yang dapat dipercaya dan sangat luarbiasa,valid,
44237,IDN,NA,karena berdasarkan fakta yang telah dilakukan,valid,
44238,IDN,NA,karena seorang ilmuan membuat keputusan berdasarkan ilmiah yang diuji kebenarannya sebelumnya,valid,
44244,IDN,NA,Bisa,invalid,"TRUST: 泛词 ""Bisa"""
44248,IDN,seluruh masyarakat bumi karena mereka yang akan mendapatkanya dan memiliki ,NA,valid,
44251,IDN,"MASYARAKAT LUAS, KARENA SIAPAPUN BISA MENIKMATI HASILNYA",NA,valid,
44263,IDN,NA,Bukti ilmiah,valid,
44265,IDN,NA,Hasil dari teorinya,valid,
44267,IDN,Yang diuntungkan dari ilmu pengetahuan adalah usahawan dan pemakai kreatif,NA,valid,
