COUNTRY_CODE,n,attention_flag_n,attention_number_fail_n,attention_response_anomaly_n,range_issue_n,md_flag_n,odd_even_flag_n,longstring_flag_n,mechanical_flag_n,high_priority_n,country_n,eligible_n,items_used,dropped_constant_item_n,computable,reason,threshold_p995,p99,p9975,flagged_n
ALB,377,0,0,0,0,2,39,212,233,20,377,377,27,0,True,,9.249833171958771,8.992216498964293,9.401245488962893,2
ARG,509,0,0,0,0,3,82,405,433,57,509,509,27,0,True,,8.811453060571404,8.296386356129483,9.12166762125582,3
AUS,3560,0,0,0,0,18,566,1959,2408,134,3560,3560,27,0,True,,9.483551095993667,8.861270486880848,10.247335894704666,18
AUT,1076,0,0,0,0,6,84,740,766,63,1076,1076,27,0,True,,9.032247129681274,8.709135438749495,9.052335489752638,6
BEL,2052,0,0,0,0,11,144,1506,1559,102,2052,2048,27,0,True,,9.945927175771079,8.974525690871896,10.298833110257902,11
BGD,496,0,0,0,0,3,62,325,359,31,496,495,27,0,True,,9.1005245862644,8.691838645864747,9.293329588107692,3
BGR,497,0,0,0,0,3,44,357,377,27,497,497,27,0,True,,9.46199335745871,8.894938520781247,9.892608359103395,3
BOL,548,0,0,0,0,3,63,435,451,49,548,547,27,0,True,,8.999129882764393,8.505002113561822,9.43462383174427,3
BRA,1336,0,0,0,0,7,112,979,1032,66,1336,1334,27,0,True,,10.024197995878309,9.452261870323822,10.571399218007814,7
BWA,508,0,0,0,0,3,47,350,378,22,508,508,27,0,True,,8.794405291880082,8.45979352077661,8.980266885213203,3
CAN,2535,0,0,0,0,13,279,1991,2085,196,2535,2535,27,0,True,,9.717127756453463,9.114717109380448,10.140577604848449,13
CHE,1018,0,0,0,0,6,92,713,756,55,1018,1017,27,0,True,,9.189234341179828,8.420015330510793,9.928503448611174,6
CHL,1058,0,0,0,0,6,117,818,858,82,1058,1058,27,0,True,,9.765730299928066,9.108156319442989,10.063669164922315,6
CHN,526,0,0,0,0,3,51,218,256,16,526,526,27,0,True,,9.414837217098949,9.06447806945572,9.99784313280179,3
CIV,514,0,0,0,0,3,63,305,340,30,514,513,27,0,True,,8.910279619726296,8.511649012987318,9.312981902300164,3
CMR,505,0,0,0,0,3,76,275,315,39,505,505,27,0,True,,9.836699480444134,9.003960090110741,10.624764954345261,3
COD,408,0,0,0,0,3,63,241,270,36,408,408,27,0,True,,8.54160889198118,8.128110835674924,8.605262671958391,3
COL,514,0,0,0,0,3,50,437,452,38,514,513,27,0,True,,9.305628515146523,8.79488520493761,9.971517439395324,3
CRI,573,0,0,0,0,3,63,462,473,54,573,573,27,0,True,,8.746358665275679,8.653747081104108,8.863074573622079,3
CYP,509,0,0,0,0,3,55,369,388,39,509,508,27,0,True,,9.629187430292237,9.212287694571774,9.754597872490445,3
CZE,502,0,0,0,0,3,69,295,334,33,502,502,27,0,True,,9.551670408646242,9.159568789881424,10.07081313193997,3
DEU,8134,0,0,0,0,41,720,5953,6275,436,8134,8128,27,0,True,,9.634355845007446,8.902886277508312,10.235871113529038,41
DNK,1227,0,0,0,0,7,103,840,887,62,1227,1226,27,0,True,,9.60798209825609,9.288394732037618,10.192804894910383,7
EGY,512,0,0,0,0,3,47,290,326,14,512,512,27,0,True,,9.684913753520334,9.365126159175368,10.040833022971837,3
ESP,1015,0,0,0,0,6,108,785,827,71,1015,1015,27,0,True,,9.317255717808171,8.812278992789793,9.686448408597,6
ETH,455,0,0,0,0,3,56,271,301,29,455,455,27,0,True,,8.725378729982962,8.522650888724465,8.813810974116867,3
FIN,1009,0,0,0,0,6,33,661,676,23,1009,1007,27,0,True,,9.106747354330905,8.772758792441044,9.890058467797179,6
FRA,2029,0,0,0,0,11,238,1578,1652,174,2029,2027,27,0,True,,9.720096136681411,8.935674960692447,9.983003358566902,11
GBR,2008,0,0,0,0,11,174,1440,1528,97,2008,2008,27,0,True,,10.080076754376503,9.014762478144045,10.32812265033659,11
GEO,528,0,0,0,0,3,45,361,383,26,528,528,27,0,True,,9.17659741708629,8.804755477317888,9.62510023476001,3
GHA,509,0,0,0,0,3,48,319,343,27,509,509,27,0,True,,9.084288228335403,8.93833857739036,9.931890491895558,3
GRC,1449,0,0,0,0,8,170,1007,1071,113,1449,1447,27,0,True,,10.635980280516408,9.18600589729855,11.47437121083738,8
HKG,599,0,0,0,0,3,63,325,364,27,599,598,27,0,True,,9.605846077257354,9.169787452358205,10.047624383416165,3
HUN,508,0,0,0,0,3,69,323,354,40,508,508,27,0,True,,8.72898780016413,8.273124609721565,8.75455584136453,3
IDN,2104,186,0,184,0,11,170,1382,1539,256,2104,2104,27,0,True,,10.23837606963135,9.605326463368058,10.694859998301872,11
IND,502,0,0,0,0,3,56,278,319,18,502,502,27,0,True,,10.44488164668591,9.65338576951964,10.627398255420763,3
IRL,506,0,0,0,0,3,50,346,367,32,506,506,27,0,True,,9.90533605768019,9.236339617247197,10.132312439839012,3
ISR,1049,0,0,0,0,6,69,782,803,54,1049,1048,27,0,True,,9.387678953312871,8.998710744231815,9.770047881204533,6
ITA,1520,0,0,0,0,8,182,1093,1160,123,1520,1520,27,0,True,,8.795304983752645,8.473129663583022,9.080053487764896,8
JPN,1004,0,0,0,0,6,75,717,743,54,1004,1004,27,0,True,,9.934669400725914,9.32502181773765,10.747619124081243,6
KAZ,520,0,0,0,0,3,41,305,327,22,520,520,27,0,True,,9.005290125134408,8.435544285554684,9.927103649001557,3
KEN,513,0,0,0,0,3,54,313,345,25,513,513,27,0,True,,9.331149954318615,9.036817395144729,9.503978732726722,3
KOR,500,0,0,0,0,3,61,293,327,29,500,500,27,0,True,,9.03714785095558,8.08544392188471,9.405932471811619,3
MAR,503,0,0,0,0,3,55,284,315,27,503,503,27,0,True,,9.412665457247329,8.877942552815709,9.564166901808736,3
MEX,532,0,0,0,0,3,53,354,376,34,532,532,27,0,True,,9.00260007724462,8.61173473881632,9.402074800325774,3
MYS,1046,0,0,0,0,6,123,621,696,54,1046,1044,23,4,True,,8.850464919809117,8.467002658623882,9.17423469694045,6
NGA,1040,0,0,0,0,6,141,643,724,66,1040,1040,27,0,True,,9.756046317577528,9.355502964963469,10.329427070010489,6
NIC,499,0,0,0,0,3,45,373,388,33,499,498,27,0,True,,9.035343440137162,8.535724301603453,9.106417884897379,3
NLD,1427,0,0,0,0,8,95,929,980,51,1427,1427,27,0,True,,9.940220552794466,9.454187739662485,10.395854739324134,8
NOR,513,0,0,0,0,3,42,390,405,30,513,513,27,0,True,,8.789466890189951,8.59997680789915,8.868701562719915,3
NZL,2028,0,0,0,0,11,285,1116,1347,65,2028,2027,27,0,True,,9.33449870803434,8.83967480930683,10.071845337809002,11
PER,513,0,0,0,0,3,57,387,403,44,513,513,27,0,True,,8.731795789882407,8.611015738174164,8.806951005494136,3
PHL,661,0,0,0,0,4,65,496,520,45,661,661,27,0,True,,9.578718296383702,8.663695690998054,10.892401387288734,4
POL,3037,0,0,0,0,16,240,2218,2344,127,3037,3037,27,0,True,,10.28387822743022,9.487314428460163,10.893254974407693,16
PRT,502,118,0,118,0,3,39,368,409,139,502,502,27,0,True,,8.624006535460081,8.393872719261978,8.683743400734679,3
ROU,444,3,3,0,0,3,40,329,344,29,444,444,27,0,True,,8.604355985027208,8.440547798054515,8.785394086199776,3
RUS,1518,0,0,0,0,8,124,938,1001,68,1518,1518,27,0,True,,8.866538585063266,8.533866216107201,9.442304321070907,8
SRB,575,0,0,0,0,3,51,371,398,27,575,575,27,0,True,,9.21678981635584,8.856369180974081,10.688766243268843,3
SVK,543,0,0,0,0,3,47,417,436,30,543,543,27,0,True,,8.649886894346464,8.367505473487055,9.024757940098674,3
SVN,528,0,0,0,0,3,60,371,399,35,528,528,27,0,True,,10.000790518708142,9.47415016309565,10.106286090116669,3
SWE,1013,0,0,0,0,6,85,761,789,61,1013,1010,27,0,True,,9.263718487672541,8.633175526732073,10.014493465252826,6
TUR,508,0,0,0,0,3,63,392,418,40,508,508,27,0,True,,9.907337964278328,9.476383354091874,10.238911747121922,3
TWN,1206,0,0,0,0,7,106,908,947,74,1206,1206,27,0,True,,9.493512904227169,8.811128281011,10.268769652139559,7
UGA,513,0,0,0,0,3,60,294,327,30,513,513,27,0,True,,8.773194618908226,8.40656057116897,8.936659998347983,3
UKR,1020,0,0,0,0,6,110,592,646,60,1020,1019,27,0,True,,9.070484153190653,8.712121352521882,9.470198470768182,6
URY,325,1,1,0,0,2,21,252,258,18,325,323,27,0,True,,8.55151958784714,8.23654052680655,8.967611620991423,2
USA,2580,0,0,0,0,13,252,1940,2080,125,2580,2580,27,0,True,,10.803704161404498,9.950429106194854,11.208560398485918,13
ZAF,1027,0,0,0,0,6,111,777,820,74,1027,1027,27,0,True,,8.96764308076178,8.600217812821871,9.270603517988079,6
